z,n,symbol,radius,unc_r,abundance,unc_a,energy_shift,energy,unc_e,ripl_shift,jp,half_life,operator_hl,unc_hl,unit_hl,half_life_sec,unc_hls,decay_1,decay_1_%,unc_1,decay_2,decay_2_%,unc_2,decay_3,decay_3_%,unc_3,isospin,magnetic_dipole,unc_md,electric_quadrupole,unc_eq,qbm,unc_qb,qbm_n,unc_qbmn,qa,unc_qa,qec,unc_qec,sn,unc_sn,sp,unc_sp,binding,unc_ba,atomic_mass,unc_am,massexcess,unc_me,me_systematics,discovery,ENSDFpublicationcut-off,ENSDFauthors,Extraction_date
1,0,H,0.8783,0.0086,99.9855,0.0078,,0,,,1/2+,STABLE,,,,,,,,,,,,,,,,2.792847351,0.000000009,,,,,,,,,-782.347,0,,,0,0,0,0,1007825.032,0.000014,7288.971064,0.000013,N,1920,31-Oct-05,BALRAJ SINGH,10/18/23
1,1,H,2.1421,0.0088,0.0145,0.0078,,0,,,1+,STABLE,,,,,,,,,,,,,,,,0.857438231,0.000000005,0.0028578,0.0000003,,,,,,,,,2224.5662,0.0004,2224.5662,0.0004,1112.2831,0.0002,2014101.778,0.000015,13135.7229,0.000015,N,1932,1-May-03,J.H. KELLEY and  J.L. GODWIN,10/18/23
2,1,He,1.9661,0.003,0.0002,0.0002,,0,,,1/2+,STABLE,,,,,,,,,,,,,,,,-2.12762531,0.00000003,,,-13736,2000,,,,,-18.592,0,,,5493.4751,0.0001,2572.68044,0.00015,3016029.322,0.00006,14931.21888,0.00006,N,1934,30-Jun-15,J.E. Purcell{+#} and  C.G. Sheu{+*},10/18/23
2,2,He,1.6755,0.0028,99.9998,0.0002,,0,,,0+,STABLE,,,,,,,,,,,,,,,0,,,,,-22898.274,212.132,-34313,2000,0,0,-22196.213,100,20577.6211,0.0005,19813.8661,0.0002,7073.9156,0.0002,4002603.254,0.00016,2424.91587,0.00015,N,1908,8-Oct-91,J. H. KELLEY and  D. R. TILLEY and  H.R. WELLER AND G.M. HALE,10/18/23
3,3,Li,2.589,0.039,4.85,1.71,,0,,,1+,STABLE,,,,,,,,,,,,,,,0,0.822043,0.000003,-0.000806,0.000006,-4288.1534,5.4478,-31123,2003,-1473.7583,0.0015,-3505.215,0.053,5663.3245,50,4433.3246,20,5332.3312,0.0003,6015122.887,0.00155,14086.88044,0.00144,N,1921,23-Aug-01,HU and  TILLEY and  KELLEY et al.,10/18/23
3,4,Li,2.444,0.042,95.15,1.71,,0,,,3/2-,STABLE,,,,,,,,,,,,,,,2-Jan,3.256407,0.000012,-0.04,0.0003,-861.893,0.0707,-11539.2472,5.4478,-2467.6221,0.0042,-11166.023,7.559,7251.0939,0.0045,9973.9616,0.0531,5606.4401,0.0006,7016003.434,0.0045,14907.10463,0.00419,N,1921,23-Aug-01,HU and  TILLEY and  KELLEY and  GODWIN et al.,10/18/23
4,5,Be,2.519,0.012,100,,,0,,,3/2-,STABLE,,,,,,,,,,,,,,,2-Jan,-1.17743,0.000005,0.0529,0.0004,-1068.0349,0.8994,-19644.4361,1.0028,-2307.6989,20.0001,-13606.454,0.201,1664.5388,0.0843,16886.3247,0.0898,6462.6693,0.0085,9012183.062,0.082,11348.451,0.076,N,1921,31-Mar-04,J.H. KELLEY and  C.G. SHEU and  J.L. GODWIN and  ET AL.,10/18/23
5,5,B,2.4277,0.0499,19.65,0.44,,0,,,3+,STABLE,,,,,,,,,,,,,,,0,1.8004636,0.0000008,0.0846,0.0002,-3648.0623,0.0687,-24931.6787,2.1367,-4461.1857,0.015,-556.876,0.082,8437.1932,0.9027,6586.8113,0.0779,6475.0835,0.0015,10012936.86,0.016,12050.611,0.015,N,1920,31-Mar-04,J.H. KELLEY and  C.G.SHEU AND J.L. GODWIN and  ET AL.,10/18/23
5,6,B,2.406,0.0294,80.35,0.44,,0,,,3/2-,STABLE,,,,,,,,,,,,,,,2-Jan,2.688378,0.000001,0.04059,0.0001,-1981.6889,0.0608,-15102.2829,0.0714,-8664.3124,0.0128,-11509.461,0.238,11454.2206,0.0192,11228.7495,0.0818,6927.7323,0.0011,11009305.17,0.013,8667.708,0.012,N,1920,1-Jan-11,J.H. KELLEY and  C.G. SHEU,10/18/23
6,6,C,2.4702,0.0022,98.94,0.06,,0,,,0+,STABLE,,,,,,,,,,,,,,,0,,,0.06,0.03,-17338.0681,0.9999,-32436.962,5.0005,-7366.5875,0.0354,-13369.398,1.321,18720.7151,0.0596,15956.6792,0.0121,7680.1446,0.0002,12000000,0,0,0,N,1919,1-Jan-17,J.H. KELLEY and  J.E. Purcell and C.G. SHEU,10/18/23
6,7,C,2.4614,0.0034,1.06,0.06,,0,,,1/2-,STABLE,,,,,,,,,,,,,,,2-Jan,0.702369,0.000004,,,-2220.4718,0.2695,-22284.3768,0.9999,-10648.3575,0.0765,-13436.939,1,4946.3087,0.0005,17533.3596,1.3214,7469.8495,0.0002,13003354.84,0.00025,3125.00933,0.00023,N,1929,1-Jul-90,F. AJZENBERG-SELOVE and  J.H. KELLEY AND C.D. NESARAJA,10/18/23
7,7,N,2.5582,0.007,99.6205,0.0247,,0,,,1+,STABLE,,,,,,,,,,,,,,,0,0.403573,0.000002,0.02044,0.00003,-5144.3643,0.0252,-28323.3329,9.5263,-11612.1097,0.0149,-156.476,0.004,10553.3823,0.2695,7550.5636,0.0001,7475.6148,0.0002,14003074,0.00024,2863.41683,0.00022,N,1920,1-Jul-90,F. AJZENBERG-SELOVE,10/18/23
7,8,N,2.6058,0.008,0.3795,0.0247,,0,,,1/2-,STABLE,,,,,,,,,,,,,,,2-Jan,-0.2830569,0.0000014,,,-2754.1841,0.4902,-15977.6611,0.0252,-10991.1859,0.0121,-9771.707,0.8,10833.2968,0.0008,10207.4263,0.0038,7699.4603,0.0002,15000108.9,0.00062,101.43809,0.00058,N,1929,1-Jul-90,F. AJZENBERG-SELOVE,10/18/23
8,8,O,2.6991,0.0052,99.757,0.011,,0,,,0+,STABLE,,,,,,,,,,,,,,,0,1.668,0.012,,,-15412.184,5.3642,-29375.0724,14,-7161.918,0.0003,-10420.909,2.301,15663.9424,0.4902,12127.4113,0.0006,7976.2072,0.0002,15994914.62,0.00032,-4737.00217,0.0003,N,1919,31-Dec-92,J.H. KELLEY and  D.R. TILLEY and  H.R. WELLER AND C.M. CHEVES,10/18/23
8,9,O,2.6932,0.0075,0.03835,0.00096,,0,,,5/2+,STABLE,,,,,,,,,,,,,,,2-Jan,-1.893543,0.00001,-0.0256,0.0002,-2760.4655,0.2479,-19555.2641,5.3642,-6358.6894,0.0007,-8678.843,15,4143.0801,0.0008,13781.6425,2.3014,7750.7291,0.0002,16999131.76,0.00069,-808.76421,0.00064,N,1925,5-Aug-21,C.G. Sheu and J.H. Kelley and J. Purcell,10/18/23
8,10,O,2.7726,0.0056,0.2045,0.0102,,0,,,0+,STABLE,,,,,,,,,,,,,,,1,,,,,-1655.9288,0.4633,-10805.8357,0.2479,-6227.6255,0.0038,-13895.983,18.57,8045.3702,0.001,15941.8662,15,7767.0981,0.0002,17999159.61,0.00069,-782.81634,0.00064,N,1929,31-Oct-94,TILLEY and  WELLER and  CHEVES and  CHASTELER,10/18/23
9,10,F,2.8976,0.0025,100,,,0,,,1/2+,STABLE,,,,,,,,,,,,,,,2-Jan,2.628321,0.000004,-0.0942,0.0009,-3239.4986,0.1601,-14876.3806,0.3634,-4013.7991,0.001,-4820.303,2.637,10431.8757,0.4633,7993.5998,0.001,7779.0192,0.0002,18998403.16,0.00088,-1487.44512,0.00082,N,1920,31-Oct-94,TILLEY and  WELLER and  CHEVES and  CHASTELER,10/18/23
10,10,Ne,3.0055,0.0021,90.48,0.03,,0,,,0+,STABLE,,,,,,,,,,,,,,,0,1.08,0.08,-0.23,0.03,-13892.4207,1.109,-28042.6347,10.5351,-4729.8459,0.0016,-7024.469,0.03,16865.3038,0.1601,12843.4581,0.0017,8032.2412,0.0002,19992440.18,0.00165,-7041.93217,0.00154,N,1913,21-Apr-97,D. R. TILLEY and  C. CHEVES and  J. KELLEY and  S. RAMAN and  H. WELLER,10/18/23
10,11,Ne,2.9695,0.0033,0.27,0.01,,0,,,3/2+,STABLE,,,,,,,,,,,,,,,,-0.6617,0.00003,0.1016,0.0008,-3546.919,0.0177,-20653.583,1.1096,-7347.928,0.0385,-5684.171,1.8,6761.1623,0.0385,13003.2842,0.0486,7971.7136,0.0018,20993846.69,0.041,-5731.776,0.038,N,1928,15-Jan-15,R.B. FIRESTONE,10/18/23
10,12,Ne,2.9525,0.004,9.25,0.03,,0,,,0+,STABLE,,,,,,,,,,,,,,,,0.65,0.02,-0.215,0.012,-2843.3243,0.1325,-13911.1765,0.0459,-9666.8153,0.0177,-10818.092,12.399,10364.2574,0.0424,15266.0816,1.8001,8080.4656,0.0008,21991385.11,0.018,-8024.716,0.018,N,1913,1-Apr-15,M. Shamsuzzoha Basunia,10/18/23
11,12,Na,2.9936,0.0021,100,,,0,,,3/2+,STABLE,,,,,,,,,,,,,,,,2.2175,0.00003,0.104,0.001,-4056.179,0.0317,-17201.1852,0.1593,-10467.3243,0.002,-4375.809,0.104,12419.7801,0.1318,8794.1088,0.0178,8111.4936,0.0002,22989769.28,0.00194,-9529.85352,0.00181,N,1921,1-Jun-20,M.S. Basunia{+#} and  A. Chakraborty{+##},10/18/23
12,12,Mg,3.057,0.0016,78.965,0.049,,0,,,0+,STABLE,,,,,,,,,,,,,,,,1.08,0.03,-0.29,0.03,-13884.766,0.2282,-28752.9673,0.3449,-9316.5618,0.013,-5515.677,0.021,16531.2216,0.0343,11692.6957,0.013,8260.7103,0.0006,23985041.69,0.013,-13933.578,0.013,N,1920,31-Mar-22,M. Shamsuzzoha Basunia and  Anagha Chakraborty,10/18/23
12,13,Mg,3.0284,0.0022,10.011,0.013,,0,,,5/2+,STABLE,,,,,,,,,,,,,,,,-0.85533,0.00003,0.199,0.002,-4276.808,0.0447,-21215.2879,0.2326,-9885.9215,0.0607,-3834.968,1.201,7330.5219,0.0471,12063.8523,0.0497,8223.5028,0.0019,24985836.97,0.05,-13192.782,0.047,N,1920,1-Feb-08,R.B. FIRESTONE,10/18/23
12,14,Mg,3.0337,0.0018,11.025,0.038,,0,,,0+,STABLE,,,,,,,,,,,,,,,,1.1,0.3,-0.21,0.02,-4004.4042,0.0629,-15369.8877,0.0629,-10614.7437,0.0342,-9353.764,3.502,11093.0797,0.0443,14145.701,1.2004,8333.8711,0.0011,25982592.97,0.031,-16214.544,0.029,N,1920,1-Feb-16,M.S. Basunia and A.M. Hurst,10/18/23
13,14,Al,3.061,0.0031,100,,,0,,,5/2+,STABLE,,,,,,,,,,,,,,,,3.6407,0.00002,0.1466,0.001,-4812.3583,0.0964,-18127.1784,0.1176,-10091.9259,0.0473,-2610.27,0.06,13058.0422,0.0814,8271.2911,0.0557,8331.5533,0.0018,26981538.41,0.05,-17196.864,0.047,N,1922,30-Nov-10,M. Shamsuzzoha Basunia,10/18/23
14,14,Si,3.1224,0.0024,92.2545,0.0037,,0,,,0+,STABLE,,,,,,,,,,,,,,,,,,,,-14344.9407,1.1473,-28905.0829,9.0006,-9984.1348,0.0129,-4642.078,0.049,17179.6099,0.1074,11584.9046,0.0474,8447.7445,0.0002,27976926.53,0.00055,-21492.79711,0.00051,N,1920,1-Apr-13,M. Shamsuzzoha Basunia,10/18/23
14,15,Si,3.1176,0.0052,4.672,0.016,,0,,,1/2+,STABLE,,,,,,,,,,,,,,,,-0.555052,0.000003,,,-4942.2325,0.3589,-22818.5432,1.1473,-11127.2154,0.0469,-3687.32,0.34,8473.6025,0.0005,12333.3331,0.0486,8448.6361,0.0002,28976494.66,0.0006,-21895.08154,0.00056,N,1920,1-Jan-12,M. Shamsuzzoha Basunia,10/18/23
14,16,Si,3.1336,0.004,3.0735,0.0021,,0,,,0+,STABLE,,,,,,,,,,,,,,,,0.9,0.2,-0.05,0.06,-4232.1065,0.0615,-15551.4314,0.3595,-10643.3347,0.0364,-8568.846,1.936,10609.1989,0.0216,13514.1712,0.3453,8520.6549,0.0008,29973770.14,0.023,-24432.962,0.022,N,1924,30-Jun-10,M. SHAMSUZZOHA BASUNIA,10/18/23
15,16,P,3.1889,0.0019,100,,,0,,,1/2+,STABLE,,,,,,,,,,,,,,,,1.130925,0.000005,,,-5398.013,0.2292,-18452.608,0.2062,-9668.5967,0.0474,-1491.507,0.043,12311.0066,0.0652,7296.5531,0.0216,8481.1677,0.0002,30973762,0.0008,-24440.54442,0.00075,N,1920,24-Jun-22,Jun Chen and Balraj Singh,10/18/23
16,16,S,3.2611,0.0018,94.85,0.255,,0,,,0+,STABLE,,,,,,,,,,,,,,,,,,,,-12680.8313,0.5617,-27052.3027,3.4465,-6947.6559,0.0014,-1710.661,0.04,15044.3237,0.2292,8863.9638,0.0014,8493.1301,0.0002,31972071.17,0.00141,-26015.53714,0.00131,N,1920,24-Aug-11,CHRISTIAN OUELLET and  BALRAJ SINGH,10/18/23
16,17,S,,,0.763,0.02,,0,,,3/2+,STABLE,,,,,,,,,,,,,,,2-Jan,0.64325,0.00002,-0.694,0.004,-5582.5182,0.3908,-21322.4705,0.5617,-7115.6926,0.0014,-248.508,1.09,8641.6392,0.0005,9569.953,0.04,8497.6304,0.0002,32971458.91,0.00144,-26585.8583,0.00134,N,1926,31-Mar-11,JUN CHEN AND BALRAJ SINGH,10/18/23
16,18,S,3.2847,0.0021,4.365,0.235,,0,,,0+,STABLE,,,,,,,,,,,,,,,,1,0.2,0.04,0.03,-5491.6037,0.0378,-16999.6674,0.3933,-7923.6429,0.0496,-5382.987,0.811,11417.1492,0.0446,10883.3101,1.0909,8583.4986,0.0013,33967867.01,0.047,-29931.689,0.045,N,1926,28-May-12,NINEL NICA and  BALRAJ SINGH,10/18/23
16,20,S,3.2985,0.0024,0.0158,0.0017,,0,,,0+,STABLE,,,,,,,,,,,,,,,,,,,,-1142.1329,0.1893,-9721.9273,0.1893,-9011.3676,0.3524,-10413.096,13.115,9889.2491,0.1905,13095.3028,1.857,8575.39,0.0052,35967080.69,0.201,-30664.141,0.188,N,1938,31-Dec-11,NINEL NICA and  JOHN CAMERON AND BALRAJ SINGH,10/18/23
17,18,Cl,3.3654,0.0191,75.8,0.17,,0,,,3/2+,STABLE,,,,,,,,,,,,,,,,0.8217,0.00002,-0.0817,0.0008,-5966.2429,0.6794,-18706.5569,0.0785,-6997.903,0.0355,-167.322,0.053,12644.7639,0.0506,6370.8132,0.0424,8520.279,0.001,34968852.69,0.038,-29013.532,0.035,N,1919,20-Oct-11,JUN CHEN and  JOHN CAMERON AND BALRAJ SINGH,10/18/23
17,20,Cl,3.384,0.017,24.2,0.17,,0,,,3/2+,STABLE,,,,,,,,,,,,,,,,0.684,0.00001,-0.0644,0.0006,-813.8729,0.2,-9601.3275,0.0584,-7849.1172,1.0912,-4865.126,0.205,10310.8617,0.064,8386.3819,0.1861,8570.2816,0.0014,36965902.57,0.055,-31761.552,0.052,N,1919,15-Jan-12,JOHN CAMERON and  JUN CHEN AND BALRAJ SINGH and  NINEL NICA,10/18/23
18,18,Ar,3.3905,0.0023,0.3336,0.021,,0,,,0+,STABLE,,,,,,,,,,,,,,,,1,0.4,0.11,0.06,-12814.3607,0.3259,-27129.9671,0.513,-6640.921,0.027,-709.534,0.045,15255.5716,0.6808,8506.9817,0.0446,8519.9096,0.0008,35967545.11,0.028,-30231.542,0.027,N,1920,31-Dec-11,NINEL NICA and  JOHN CAMERON AND BALRAJ SINGH,10/18/23
18,20,Ar,3.4028,0.0019,0.0629,0.007,,0,,,0+,STABLE,,,,,,,,,,,,,,,,0.48,0.24,,,-5914.0671,0.0448,-17985.9435,0.2164,-7208.0532,0.2,-4916.711,0.218,11838.466,0.2841,10242.2461,0.2017,8614.2807,0.0051,37962732.1,0.209,-34714.827,0.195,N,1934,30-Sep-17,JUN CHEN,10/18/23
18,22,Ar,3.4274,0.0026,99.6035,0.025,,0,,,0+,STABLE,,,,,,,,,,,,,,,,-0.04,0.06,0.01,0.04,-1504.4031,0.0559,-9304.0227,0.004,-6800.675,0.1881,-7482.082,32.066,9869.0227,5,12528.6531,1.7321,8595.2594,0.0002,39962383.12,0.00234,-35039.89997,0.00218,N,1920,30-Sep-15,JUN CHEN,10/18/23
19,20,K,3.4349,0.0019,93.2581,0.0044,,0,,,3/2+,STABLE,,,,,,,,,,,,,,,,0.39147,0.000008,0.603,0.006,-6524.4888,0.5962,-19820.0101,0.1944,-7218.5796,0.0358,-565,5,13077.7537,0.1953,6381.3397,0.195,8557.0258,0.0003,38963706.48,0.00489,-33807.19535,0.00456,N,1921,1-Jan-18,JUN CHEN,10/18/23
19,22,K,3.4518,0.0055,6.7302,0.0044,,0,,,3/2+,STABLE,,,,,,,,,,,,,,,,0.214872,0.000005,0.734,0.007,-421.6406,0.1377,-8784.4649,0.0208,-6222.913,0.0519,-2492.039,0.347,10095.37,0.056,7808.6199,0.0031,8576.0731,0.0003,40961825.26,0.00403,-35559.5488,0.00376,N,1921,30-Sep-15,C.D. Nesaraja and  E.A. McCutchan,10/18/23
20,20,Ca,3.4776,0.0019,96.941,0.156,,0,,,0+,STABLE,,,,,,,,,,,,,,,,1.6,0.3,,,-14323.0493,2.8281,-28744.9938,24,-7039.7755,0.0339,-1310.905,0.059,15635.0134,0.5965,8328.1776,0.021,8551.3046,0.0006,39962590.85,0.022,-34846.402,0.02,N,1922,30-Sep-15,JUN CHEN,10/18/23
20,22,Ca,3.5081,0.0021,0.647,0.023,,0,,,0+,STABLE,,,,,,,,,,,,,,,,0.08,0.12,-0.19,0.08,-6426.2904,0.0485,-17976.2514,0.1579,-6257.3824,0.245,-3525.262,0.182,11480.7032,0.0556,10276.7156,0.1485,8616.5646,0.0035,41958617.78,0.159,-38547.293,0.148,N,1934,31-May-16,JUN CHEN{+#} AND BALRAJ SINGH,10/18/23
20,23,Ca,3.4954,0.0019,0.135,0.01,,0,,,7/2-,STABLE,,,,,,,,,,,,,,,,-1.31733,0.00006,-0.0408,0.0008,-2220.7227,1.865,-14359.1877,0.1797,-7591.5931,5.0052,-1833.479,0.469,7932.8974,0.1731,10675.813,0.2509,8600.6653,0.0053,42958766.38,0.244,-38408.873,0.227,N,1934,31-Mar-15,BALRAJ SINGH AND JUN CHEN{+#},10/18/23
20,24,Ca,3.5179,0.0021,2.086,0.11,,0,,,0+,STABLE,,,,,,,,,,,,,,,,,,,,-3652.6948,1.7565,-13351.8979,1.8795,-8853.7456,0.3247,-5687.232,0.53,11131.1752,0.2345,12182.3064,0.5229,8658.1769,0.0074,43955481.49,0.348,-41468.73,0.325,N,1922,31-Jul-11,JUN CHEN and  BALRAJ SINGH AND JOHN A. CAMERON,10/18/23
20,26,Ca,3.4953,0.002,0.004,0.003,,0,,,0+,STABLE,,,,,,,,,,,,,,,,,,,,-1377.9665,2.3305,-10138.6065,2.3282,-11141.8475,6.1923,-7725.681,2.349,10398.6975,2.2634,13812.9373,2.2939,8668.9848,0.0486,45953687.73,2.398,-43139.61,2.234,N,1938,15-Jul-00,S. -C. WU,10/18/23
21,24,Sc,3.5459,0.0025,100,,,0,,,7/2-,STABLE,,,,,,,,,,,,,,,,4.754,0.00008,-0.22,0.002,-2062.0551,0.5086,-11595.0532,0.9646,-7937.6884,0.6634,-260.091,0.757,11327.6044,1.8737,6892.5626,0.7228,8618.941,0.0147,44955907.05,0.712,-41072.321,0.663,N,1923,30-Oct-07,T. W. BURROWS,10/18/23
22,24,Ti,3.607,0.0022,8.25,0.03,,0,,,0+,STABLE,,,,,,,,,,,,,,,,2.3,0.7,-0.21,0.06,-7052.3723,0.0923,-20313.1458,0.8591,-8005.8918,0.1736,-2366.626,0.677,13189.3211,0.832,10344.919,0.6585,8656.4623,0.002,45952626.36,0.097,-44128.269,0.09,N,1934,15-Jul-00,S. -C. WU,10/18/23
22,25,Ti,3.5962,0.0019,7.44,0.02,,0,,,5/2-,STABLE,,,,,,,,,,,,,,,2-Mar,-0.78814,0.00011,0.302,0.01,-2930.5422,0.0879,-15933.033,0.1191,-8953.6551,0.2408,-600.77,1.93,8880.6607,0.0635,10464.9397,0.6691,8661.2325,0.0017,46951757.49,0.085,-44937.612,0.08,N,1934,20-Feb-07,T. W. BURROWS,10/18/23
22,26,Ti,3.5921,0.0017,73.72,0.03,,0,,,0+,STABLE,,,,,,,,,,,,,,,,2.2,0.6,-0.177,0.008,-4014.9467,0.9691,-14557.2001,0.0838,-9449.1378,0.3327,-3988.869,4.951,11626.6579,0.0319,11445.0803,1.9294,8723.0122,0.0016,47947940.68,0.079,-48492.952,0.074,N,1923,30-Nov-21,JUN CHEN,10/18/23
22,27,Ti,3.5733,0.0021,5.41,0.02,,0,,,7/2-,STABLE,,,,,,,,,,,,,,,2-May,-1.1037,0.00014,0.247,0.011,-601.8555,0.8203,-12157.3253,0.9694,-10176.6978,0.3732,-2001.565,2.269,8142.3786,0.0235,11348.9001,4.9499,8711.1625,0.0016,48947864.39,0.084,-48564.012,0.078,N,1934,14-Jul-08,T. W. Burrows{+a},10/18/23
22,28,Ti,3.5704,0.0022,5.18,0.02,,0,,,0+,STABLE,,,,,,,,,,,,,,,,2.9,0.4,,,-2208.6274,0.0579,-11541.0287,0.8209,-10717.1735,2.2328,-6894.747,2.516,10939.1732,0.0311,12158.3913,2.2685,8755.7227,0.0017,49944785.62,0.088,-51431.867,0.082,N,1934,15-Apr-19,Jun Chen and Balraj Singh,10/18/23
23,28,V,3.6002,0.0022,99.75,0.01,,0,,,7/2-,STABLE,,,,,,,,,,,,,,,,5.1464,0.0007,-0.052,0.01,-752.3907,0.1494,-10013.0593,0.0711,-10291.1787,1.9303,-2470.14,0.49,11051.1834,0.0609,8060.209,0.0658,8742.0852,0.0019,50943957.66,0.104,-52203.105,0.097,N,1924,1-Mar-16,Wang Jimin and Huang Xiaolong,10/18/23
24,28,Cr,3.6452,0.0042,83.789,0.018,,0,,,0+,STABLE,,,,,,,,,,,,,,,,2.4,0.4,-0.08,0.02,-4708.1214,0.0633,-15247.6007,0.305,-9351.4721,0.0793,-3976.476,0.194,12040.1115,0.1697,10505.3737,0.099,8775.9946,0.0022,51940504.71,0.12,-55419.508,0.112,N,1923,10-Jul-15,YANG DONG and  HUO JUNDE,10/18/23
24,29,Cr,3.6511,0.0075,9.501,0.017,,0,,,3/2-,STABLE,,,,,,,,,,,,,,,,-0.47431,0.00007,-0.15,0.05,-597.2679,0.343,-12647.5491,0.1155,-9148.5212,0.0871,-3435.943,3.105,7939.4277,0.0966,11133.5569,0.1624,8760.2103,0.0022,52940646.3,0.124,-55287.618,0.116,N,1930,31-Mar-07,HUO JUNDE,10/18/23
24,30,Cr,3.6885,0.0074,2.365,0.007,,0,,,0+,STABLE,,,,,,,,,,,,,,,,1.7,0.2,-0.21,0.08,-1377.1325,1.0051,-10316.3474,0.3498,-7928.4276,0.1104,-7037.112,11.181,9719.0796,0.1013,12372.6752,3.1,8777.9672,0.0025,53938877.36,0.142,-56935.379,0.132,N,1930,20-Jun-14,YANG DONG and  HUO JUNDE,10/18/23
25,30,Mn,3.7057,0.0022,100,,,0,,,5/2-,STABLE,,,,,,,,,,,,,,,,3.4669,0.0006,0.33,0.01,-231.1204,0.1786,-9529.2447,0.2461,-7934.3526,0.265,-2602.218,0.346,10225.6135,1.0347,8066.134,0.2628,8765.0247,0.0047,54938043.04,0.279,-57712.542,0.26,N,1923,30-Apr-07,HUO JUNDE,10/18/23
26,28,Fe,3.6933,0.0019,5.845,0.105,,0,,,0+,STABLE,,,,,,,,,,,,,,,,,,,,-8244.5478,0.0893,-21666.5575,1.6927,-8418.1672,0.3452,-696.368,1.064,13378.4501,1.6337,8853.2367,0.4595,8736.3846,0.0064,53939608.19,0.368,-56254.615,0.343,N,1923,20-Jun-14,YANG DONG and  HUO JUNDE,10/18/23
26,30,Fe,3.7377,0.0016,91.754,0.106,,0,,,0+,STABLE,,,,,,,,,,,,,,,,1.02,0.11,-0.23,0.03,-4566.6455,0.4104,-14648.485,0.3395,-7612.5711,0.2754,-3695.497,0.397,11197.0596,0.2291,10183.5922,0.157,8790.3563,0.0048,55934935.54,0.287,-60607.163,0.268,N,1923,29-Oct-09,HUO JUNDE and  HUO SU and  YANG DONG,10/18/23
26,31,Fe,3.7532,0.0017,2.119,0.029,,0,,,1/2-,STABLE,,,,,,,,,,,,,,,2-May,0.09064,0.00007,0.16,0.008,-836.3589,0.4493,-12212.817,0.4106,-7319.315,0.2752,-2695.738,1.529,7646.1716,0.0169,10559.3218,0.2072,8770.2829,0.0047,56935391.95,0.287,-60182.017,0.268,N,1935,24-Sep-98,M. R. BHAT,10/18/23
26,32,Fe,3.7745,0.0014,0.282,0.012,,0,,,0+,STABLE,,,,,,,,,,,,,,,,0.94,0.05,-0.27,0.05,-2307.9785,1.1389,-10880.9312,0.5035,-7644.8077,0.3219,-6327.703,2.719,10044.5723,0.1808,11957.9628,1.5313,8792.2534,0.0055,57933273.58,0.339,-62155.271,0.316,N,1935,12-Jan-10,CAROLINE D. NESARAJA and  SCOTT D. GERAEDTS AND BALRAJ SINGH,10/18/23
27,32,Co,3.7875,0.0021,100,,,0,,,7/2-,STABLE,,,,,,,,,,,,,,,,4.615,0.025,0.42,0.03,-1073.005,0.1944,-10072.2847,0.2004,-6942.2118,0.3435,-1564.881,0.516,10453.8636,1.1021,7363.538,0.3543,8768.0379,0.0067,58933193.52,0.426,-62229.838,0.397,N,1923,1-Apr-18,M. Shamsuzzoha Basunia,10/18/23
28,30,Ni,3.7757,0.002,68.0769,0.019,,0,,,0+,STABLE,,,,,,,,,,,,,,,,0.076,0.017,-0.1,0.06,-8561.0204,0.4425,-20991.1751,0.4492,-6399.1718,0.3508,-381.579,1.205,12216.2285,0.4965,8172.1845,0.427,8732.0621,0.006,57935341.65,0.374,-60228.871,0.349,N,1921,12-Jan-10,CAROLINE D. NESARAJA and  SCOTT D. GERAEDTS AND BALRAJ SINGH,10/18/23
28,32,Ni,3.8118,0.0016,26.2231,0.015,,0,,,0+,STABLE,,,,,,,,,,,,,,,,0.32,0.06,-0.1,0.02,-6127.981,1.5735,-16186.107,0.4004,-6290.9959,0.258,-2822.806,0.536,11387.7284,0.0498,9532.3764,0.2003,8780.7769,0.0059,59930785.13,0.378,-64473.243,0.353,N,1921,31-Dec-12,E. BROWNE and  J. K. TULI,10/18/23
28,33,Ni,3.8225,0.0019,1.1399,0.0013,,0,,,3/2-,STABLE,,,,,,,,,,,,,,,,-0.74965,0.00005,0.162,0.015,-2237.9663,0.9617,-13948.0848,1.5742,-6464.9281,0.2616,-1323.85,0.91,7820.1037,0.0477,9860.5625,0.2176,8765.0281,0.0058,60931054.82,0.381,-64222.029,0.355,N,1934,20-Jan-20,BALRAJ SINGH,10/18/23
28,34,Ni,3.8399,0.0021,3.6345,0.004,,0,,,0+,STABLE,,,,,,,,,,,,,,,,,,,,-3958.8965,0.4751,-12833.6951,0.9518,-7016.0846,0.4151,-5322.041,18.579,10595.7288,0.3059,11137.2322,0.7313,8794.5555,0.0069,61928344.75,0.455,-66746.44,0.425,N,1934,15-Apr-12,ALAN L. NICHOLS and  BALRAJ SINGH and  JAGDISH K. TULI,10/18/23
28,36,Ni,3.8572,0.0023,0.9256,0.0019,,0,,,0+,STABLE,,,,,,,,,,,,,,,,0.37,0.06,0.4,0.2,-1674.6156,0.2055,-9590.4836,0.2041,-8110.7755,3.4222,-7306.592,20.01,9657.4604,0.2035,12536.4519,18.5696,8777.4637,0.0072,63927966.23,0.497,-67099.034,0.463,N,1935,12-Nov-21,Balraj Singh and Jun Chen,10/18/23
29,34,Cu,3.8823,0.0015,69.15,0.15,,0,,,3/2-,STABLE,,,,,,,,,,,,,,,,2.2259,0.0004,-0.22,0.015,-3366.4392,1.545,-12483.0979,0.4485,-5774.9461,0.3699,-66.977,0.602,10863.6431,0.4787,6122.3996,0.0586,8752.1404,0.0068,62929597.12,0.457,-65579.868,0.426,N,1923,28-Aug-08,HUO JUNDE and  YANG DONG and  HUO MEIRONG and ,10/18/23
29,36,Cu,3.9022,0.0014,30.85,0.15,,0,,,3/2-,STABLE,,,,,,,,,,,,,,,,2.3844,0.0004,-0.204,0.014,-1351.6527,0.3557,-9330.9775,0.3851,-6790.4145,0.9801,-2137.881,0.804,9910.5771,0.6589,7453.6145,0.686,8757.0967,0.0099,64927789.48,0.69,-67263.677,0.643,N,1923,1-Aug-09,E. BROWNE and  J. K. TULI,10/18/23
30,34,Zn,3.9283,0.0015,49.17,0.75,,0,,,0+,STABLE,,,,,,,,,,,,,,,,2,0.6,-0.14,0.02,-7171.1912,1.4825,-17528.2362,1.4543,-3955.6904,0.6596,-579.6,0.7,11861.9068,1.4774,7713.1206,0.6447,8735.9057,0.0101,63929141.78,0.69,-66004.018,0.644,N,1922,12-Nov-21,Balraj Singh and Jun Chen,10/18/23
30,36,Zn,3.9491,0.0014,27.73,0.98,,0,,,0+,STABLE,,,,,,,,,,,,,,,,1.06,0.16,0.24,0.08,-5175.5,0.8,-14313.0602,1.0358,-4577.7049,0.6897,-2640.94,0.98,11058.5222,0.9172,8924.5225,0.9215,8759.6335,0.0113,65926033.64,0.798,-68899.229,0.744,N,1922,3-Mar-09,E. BROWNE and  J. K. TULI,10/18/23
30,37,Zn,3.953,0.0027,4.04,0.16,,0,,,5/2-,STABLE,,,,,,,,,,,,,,,,0.87485,0.00016,0.122,0.01,-1001.2201,1.1196,-12227.9655,0.8334,-4792.4005,0.7066,-560.823,1.169,7052.4655,0.2337,8911.0581,0.9365,8734.1534,0.0113,66927127.42,0.81,-67880.376,0.755,N,1928,1-Apr-05,HUO JUNDE and  HUANG XIAOLONG and  J.K. TULI,10/18/23
30,38,Zn,3.9658,0.0014,18.45,0.63,,0,,,0+,STABLE,,,,,,,,,,,,,,,,1.08,0.16,-0.106,0.016,-2921.1,1.2,-11199.3165,1.1359,-5333.0365,0.7579,-4440.111,1.765,10198.0963,0.1927,9976.572,0.8514,8755.682,0.0115,67924844.23,0.835,-70007.154,0.778,N,1922,1-Mar-12,E.A. McCutchan,10/18/23
31,38,Ga,3.9973,0.0017,60.108,0.05,,0,,,3/2-,STABLE,,,,,,,,,,,,,,,,2.01502,0.00006,0.171,0.002,-2227.1455,0.55,-10420.3389,2.2259,-4489.0583,1.3579,-909.914,1.437,10313.0833,1.8549,6609.6363,1.4144,8724.5798,0.0174,68925573.53,1.285,-69327.82,1.197,N,1923,31-Jul-13,C.D. NESARAJA,10/18/23
31,40,Ga,4.0118,0.0018,39.892,0.05,,0,,,3/2-,STABLE,,,,,,,,,,,,,,,,2.56033,0.00009,0.107,0.001,-232.4698,0.0934,-7648.4085,0.1411,-5244.489,1.1615,-2810.341,2.775,9300.2946,1.4471,7863.3497,2.0783,8717.605,0.0114,70924702.55,0.87,-70139.127,0.811,N,1923,17-Jan-23,Balraj Singh and Jun Chen,10/18/23
32,38,Ge,4.0414,0.0012,20.52,0.19,,0,,,0+,STABLE,,,,,,,,,,,,,,,,0.64,0.1,0.03,0.06,-6228.063,1.62,-15521.1729,32.0098,-4087.7235,1.0276,-1651.886,1.454,11532.6802,1.55,8523.1877,1.4492,8721.7028,0.0117,69924248.54,0.88,-70562.036,0.82,N,1923,1-Jul-16,G. G~URDAL and  E.A. MCCUTCHAN,10/18/23
32,40,Ge,4.0576,0.0013,27.45,0.15,,0,,,0+,STABLE,,,,,,,,,,,,,,,,1,0.3,,,-4356.1019,4.0825,-12763.9714,4.1637,-5003.6716,0.7821,-3997.626,0.822,10750.5714,0.8184,9735.7546,0.8145,8731.7459,0.0011,71922075.82,0.081,-72585.91,0.076,N,1923,1-May-09,D. Abriola(a) and  A.A. Sonzogni,10/18/23
32,41,Ge,4.0632,0.0014,7.76,0.08,,0,,,9/2+,STABLE,,,,,,,,,,,,,,,,,,-0.196,0.001,-344.7759,3.8528,-11139.0422,4.0828,-5304.542,0.7968,-1598.189,1.678,6782.9403,0.05,9998.2196,0.8202,8705.05,0.0008,72923458.95,0.061,-71297.532,0.057,N,1933,16-May-19,BALRAJ SINGH and JUN CHEN,10/18/23
32,42,Ge,4.0742,0.0012,36.52,0.12,,0,,,0+,STABLE,,,,,,,,,,,,,,,,0.75,0.15,-0.19,0.02,-2562.3871,1.6931,-10541.0125,3.8531,-6282.6188,1.9178,-5372.825,2.994,10196.2366,0.0555,11012.0785,1.6767,8725.2011,0.0003,73921177.76,0.013,-73422.451,0.013,N,1923,30-Apr-06,BALRAJ SINGH and  AMEENAH R. FARHAN,10/18/23
32,44,Ge,4.0811,0.0012,7.75,0.12,,0,,,0+,STABLE,,,,,,,,,,,,,,,,0.64,0.1,-0.19,0.06,-921.5145,0.8864,-8250.0132,0.8839,-7492.3194,2.1425,-6916.25,1.95,9427.2434,0.0543,12041.23,0.6709,8705.2364,0.0003,75921402.73,0.019,-73212.898,0.018,N,1933,22-Dec-94,BALRAJ SINGH,10/18/23
33,42,As,4.0968,0.002,100,,,0,,,3/2-,STABLE,,,,,,,,,,,,,,,,1.4383,0.0003,0.311,0.002,-864.7139,0.8816,-8892.3105,0.8837,-5319.9921,1.1995,-1177.23,0.88,10245.4572,1.9099,6900.7231,0.8837,8700.8748,0.0118,74921594.56,0.948,-73034.203,0.884,N,1920,30-Jun-13,ALEXANDRU NEGRET and  BALRAJ SINGH,10/18/23
34,40,Se,4.07,0.02,0.86,0.03,,0,,,0+,STABLE,,,,,,,,,,,,,,,,1.7,0.3,-0.36,0.07,-6925.0492,5.8354,-16638.742,6.7413,-4076.0901,0.82,-1353.146,1.693,12057.1324,7.4237,8549.425,3.8531,8687.7155,0.0003,73922475.93,0.015,-72213.21,0.015,N,1922,30-Apr-06,BALRAJ SINGH and  AMEENAH R. FARHAN,10/18/23
34,42,Se,4.1395,0.0016,9.23,0.07,,0,,,0+,STABLE,,,,,,,,,,,,,,,,0.61,0.11,,,-4962.881,9.3218,-14216.2577,4.2849,-5090.965,0.0772,-2960.575,0.886,11153.7883,0.0746,9506.7274,0.8839,8711.4781,0.0003,75919213.7,0.017,-75251.959,0.016,N,1922,22-Dec-94,BALRAJ SINGH,10/18/23
34,43,Se,4.1395,0.0018,7.6,0.07,,0,,,1/2-,STABLE,,,,,,,,,,,,,,,,0.53356,0.00005,0.76,0.05,-1364.6792,2.8099,-12381.7367,9.322,-5726.8804,0.0843,-683.163,1.693,7418.8557,0.0603,9597.0844,0.8879,8694.6908,0.0008,76919914.15,0.067,-74599.497,0.062,N,1922,30-Sep-20,BALRAJ SINGH,10/18/23
34,44,Se,4.1406,0.0017,23.69,0.22,,0,,,0+,STABLE,,,,,,,,,,,,,,,,0.6,0.2,-0.26,0.09,-3573.7836,3.575,-11862.4519,2.815,-6028.4165,0.1791,-4208.982,9.781,10497.7727,0.1684,10398.5884,1.6962,8717.8072,0.0023,77917309.24,0.191,-77025.952,0.179,N,1922,30-Jun-09,AMEENAH R. FARHAN and  BALRAJ SINGH,10/18/23
34,46,Se,4.14,0.0018,49.8,0.36,,0,,,0+,STABLE,,,,,,2B-,,,,,,,,,,2.3,0.9,,,-1870.4623,0.3095,-9762.7379,0.3369,-6971.505,0.9469,-5544.886,3.465,9913.3395,0.9653,11412.3774,5.2406,8710.8142,0.0118,79916521.76,1.016,-77759.487,0.947,N,1922,22-Jun-05,BALRAJ SINGH,10/18/23
35,44,Br,4.1629,0.0021,50.65,0.09,,0,,,3/2-,STABLE,,,,,,,,,,,,,,,,2.1046,0.0006,0.3087,0.0002,-1625.7778,3.3333,-9961.1022,1.0408,-5458.7803,1.3346,-150.601,1.026,10687.2175,3.715,6331.0869,1.01,8687.5956,0.0127,78918337.57,1.074,-76068.067,1.001,N,1920,31-May-16,BALRAJ SINGH,10/18/23
35,46,Br,4.1599,0.0021,49.35,0.09,,0,,,3/2-,STABLE,,,,,,,,,,,,,,,,2.2686,0.0006,0.2579,0.0002,-280.8517,0.4713,-8154.9139,1.1756,-6485.6324,1.9533,-1588.032,1.382,10159.3438,1.3901,7506.5346,1.3576,8695.9465,0.0121,80916288.2,1.049,-77977.051,0.978,N,1920,15-Aug-08,CORAL M. BAGLIN,10/18/23
36,42,Kr,4.2038,0.0033,0.355,0.003,,0,,,0+,STABLE,,,,,,,,,,,,,,,,1.8,0.4,,,-7242.856,3.252,-17419.1015,1.3397,-4389.9886,0.3073,-726.115,3.593,12080.1499,1.9801,8232.4366,2.8261,8661.2385,0.0039,77920366.34,0.329,-74178.283,0.307,N,1920,30-Jun-09,AMEENAH R. FARHAN and  BALRAJ SINGH,10/18/23
36,44,Kr,4.197,0.0029,2.286,0.01,,0,,,0+,STABLE,,,,,,,,,,,,,,,,,,,,-5717.9785,1.9883,-15161.9948,2.0562,-5066.4115,0.6948,-2004.43,1.21,11522.4833,3.5257,9114.3586,1.1486,8692.9301,0.0087,79916377.94,0.745,-77893.455,0.695,N,1920,22-Jun-05,BALRAJ SINGH,10/18/23
36,46,Kr,4.1919,0.0025,11.593,0.031,,0,,,0+,STABLE,,,,,,,,,,,,,,,,0.8,0.13,,,-4403.9824,3.0088,-13206.4095,4.9043,-5990.7594,0.1787,-3093.118,0.971,10966.9141,1.0737,9903.7154,0.9779,8710.6754,0.0003,81913481.15,0.00591,-80591.79509,0.00551,N,1920,1-Mar-19,J. K. TULI and  E. BROWNE,10/18/23
36,47,Kr,4.1871,0.0023,11.5,0.019,,0,,,9/2+,STABLE,,,,,,,,,,,,,,,,-0.97073,0.000003,0.259,0.001,-920.0039,2.3288,-11874.1487,3.0088,-6498.0934,0.2227,-976.922,3.795,7470.1663,0.0093,9780.9378,0.9714,8695.7295,0.0003,82914126.52,0.009,-79990.643,0.009,N,1920,31-Dec-14,E.A. MCCUTCHAN,10/18/23
36,48,Kr,4.1884,0.0022,56.987,0.015,,0,,,0+,STABLE,,,,,,,,,,,,,,,,,,,,-2680.3708,2.194,-11440.0239,2.3287,-7104.7739,0.9468,-4656.251,25.73,10520.02,0.0083,10714.5952,3.7947,8717.4473,0.0003,83911497.73,0.0041,-82439.34527,0.00382,N,1920,30-Sep-09,J.K. Tuli and  A. Luca and  S. Juutinen and  and B. Singh,10/18/23
36,50,Kr,4.1835,0.0021,17.279,0.041,,0,,,0+,STABLE,,,,,,,,,,,,,,,,2.2,0.4,,,-518.6734,0.2,-9169.6533,0.0035,-8096.6968,0.4659,-7633.415,3.078,9856.6533,2,11979.1686,3.0778,8712.0295,0.0003,85910610.62,0.00399,-83265.67593,0.00372,N,1920,30-Nov-14,ALEXANDRU NEGRET and  BALRAJ SINGH,10/18/23
37,48,Rb,4.2036,0.0024,72.17,0.02,,0,,,5/2-,STABLE,,,,,,,,,,,,,,,,1.35306,0.00004,0.276,0.001,-1064.051,2.8132,-9589.0784,1.2432,-6615.2058,0.978,-687,2,10479.6842,2.194,7016.9664,0.0037,8697.4416,0.0003,84911789.74,0.00537,-82167.34065,0.005,N,1921,31-Dec-13,BALRAJ SINGH AND JUN CHEN,10/18/23
38,46,Sr,4.2394,0.0024,00.56,0.02,,0,,,0+,STABLE,,,,,,,,,,,,,,,,2,1,,,-6755.1411,4.4114,-16515.2264,18.6721,-5181.0413,1.4241,-890.605,2.522,11923.2828,6.9457,8867.9119,2.6398,8677.5132,0.0148,83913419.12,1.334,-80649.58,1.243,N,1936,30-Sep-09,B. Singh and  A. Negret and  and K. Zuber,10/18/23
38,48,Sr,4.2307,0.002,9.86,0.2,,0,,,0+,STABLE,,,,,,,,,,,,,,,,0.8,0.3,,,-5240,14.1421,-14752.2866,18.9654,-6356.2206,0.0056,-1776.097,0.2,11491.1281,2.8132,9644.7302,0.0051,8708.4566,0.0003,85909260.72,0.00563,-84523.09977,0.00524,N,1931,30-Nov-14,ALEXANDRU NEGRET and  BALRAJ SINGH,10/18/23
38,49,Sr,4.2249,0.0019,7,0.2,,0,,,9/2+,STABLE,,,,,,,,,,,,,,,,-1.09316,0.00011,0.305,0.002,-1861.6894,1.1278,-13668.2947,14.1421,-7314.349,0.0091,-282.274,0.008,8428.2947,0.0052,9422.0449,0.2001,8705.2363,0.0003,86908877.49,0.0055,-84880.07643,0.00513,N,1931,27-Jul-15,T.D. Johnson and W.D. Kulp(a),10/18/23
38,50,Sr,4.224,0.0018,82.58,0.35,,0,,,0+,STABLE,,,,,,,,,,,,,,,,2.4,0.4,,,-3622.6,1.5,-12974.5598,1.1278,-7907.1994,0.0044,-5312.625,0.159,11112.8704,0.0055,10612.7983,0.0067,8732.5958,0.0003,87905612.25,0.006,-87921.62876,0.00561,N,1923,1-Nov-13,E.A. McCutchan and A.A. Sonzogni,10/18/23
39,50,Y,4.243,0.0021,100,,,0,,,1/2-,STABLE,,,,,,,,,,,,,,,,-0.137298,0.000005,,,-2833.2285,2.7652,-12153.6464,5.4139,-7968.7774,0.3387,-1502.176,0.351,11483.4915,1.5378,7078.5445,0.3388,8714.011,0.0038,88905838.16,0.363,-87711.202,0.339,N,1923,20-Oct-12,BALRAJ SINGH,10/18/23
40,50,Zr,4.2694,0.001,51.45,0.04,,0,,,0+,STABLE,,,,,,,,,,,,,,,,2.5,0.6,-0.44,0.03,-6111.0165,3.3163,-16218.1107,23.6299,-6674.3634,0.1179,-2275.635,0.373,11965.8916,2.7812,8350.3161,0.3585,8709.9699,0.0013,89904698.76,0.126,-88772.547,0.118,N,1924,1-Mar-20,S. K. Basu and  E.A. MCCUTCHAN,10/18/23
40,51,Zr,4.2845,0.0013,11.22,0.05,,0,,,5/2+,STABLE,,,,,,,,,,,,,,,,-1.3022,0.0004,-0.176,0.003,-1257.5644,2.9243,-13305.3793,3.3183,-5440.4314,0.0947,-1544.271,1.845,7194.3628,0.1464,8687.6508,0.3661,8693.3149,0.0011,90905640.21,0.101,-87895.592,0.095,N,1934,1-Sep-13,Coral M. Baglin,10/18/23
40,52,Zr,4.3057,0.0013,17.15,0.03,,0,,,0+,STABLE,,,,,,,,,,,,,,,,-2,0.4,,,-2005.7335,1.7823,-9892.3143,2.9246,-2962.3109,0.0943,-3642.53,9.12,8634.7499,0.0391,9396.6739,1.8407,8692.6783,0.0011,91905035.34,0.101,-88459.024,0.094,N,1924,15-Sep-12,CORAL M. BAGLIN,10/18/23
40,54,Zr,4.332,0.0013,17.38,0.04,,0,,,0+,STABLE,,,,,,,,,,,,,,,,-3.2,1.6,,,-900.2684,1.5,-8127.8096,1.4993,-3743.3025,1.458,-4917.859,6.382,8218.6219,0.4841,10331.1472,10.4894,8666.8016,0.0018,93906312.52,0.175,-87269.332,0.164,N,1924,1-Jan-06,D. Abriola(a) and  A.A. Sonzogni,10/18/23
41,52,Nb,4.324,0.0017,100,,,0,,,9/2+,STABLE,,,,,,,,,,,,,,,,6.163,0.002,-0.32,0.02,-405.7609,1.5012,-8475.5709,1.4985,-1926.5536,1.5283,-90.812,1.558,8830.8677,1.9863,6042.7872,1.4892,8664.1849,0.016,92906373.17,1.599,-87212.84,1.49,N,1932,15-Dec-10,CORAL M. BAGLIN,10/18/23
42,50,Mo,4.3151,0.0012,14.649,0.106,,0,,,0+,STABLE,,,,,,,,,,,,,,,,2.3,0.3,,,-7882.8841,3.1063,-18893.2478,2.3679,-5604.6291,5.4055,-355.297,1.791,12671.071,6.2392,7459.5306,2.9299,8657.7312,0.0017,91906807.15,0.168,-86808.587,0.157,N,1930,15-Sep-12,CORAL M. BAGLIN,10/18/23
42,52,Mo,4.3529,0.0013,9.187,0.033,,0,,,0+,STABLE,,,,,,,,,,,,,,,,,,,,-4255.7476,4.0687,-12879.2813,1.022,-2066.4479,0.1838,-2045.016,1.498,9678.3184,0.2292,8490.2105,1.4929,8662.3341,0.0015,93905083.59,0.151,-88414.079,0.141,N,1930,1-Jan-06,D. Abriola(a) and  A.A. Sonzogni,10/18/23
42,53,Mo,4.3628,0.0018,15.873,0.03,,0,,,5/2+,STABLE,,,,,,,,,,,,,,,,-0.9132,0.0003,-0.022,0.001,-1690.5175,5.0782,-11624.8587,4.0698,-2241.1963,0.1555,-925.6,0.5,7369.1111,0.0944,8631.7804,1.4935,8648.7212,0.0013,94905837.44,0.132,-87711.872,0.123,N,1930,30-Jun-09,S. K. Basu and  G. Mukherjee and  A. A. Sonzogni,10/18/23
42,54,Mo,4.3847,0.0015,16.673,0.008,,0,,,0+,STABLE,,,,,,,,,,,,,,,,0.79,0.06,-0.2,0.08,-2973.2411,5.145,-10844.8526,5.0784,-2760.7814,0.1522,-3192.059,0.19,9154.335,0.0491,9297.5889,0.4961,8653.988,0.0013,95904674.77,0.128,-88794.889,0.12,N,1930,1-Apr-08,D. Abriola(a) and  A.A. Sonzogni,10/18/23
42,55,Mo,4.388,0.0015,9.582,0.015,,0,,,5/2+,STABLE,,,,,,,,,,,,,,,,-0.9324,0.0003,0.255,0.013,-320.264,4.1169,-9794.3703,5.1475,-2847.5887,0.4843,-1941.903,4.247,6821.1292,0.163,9230.8411,0.1897,8635.0926,0.0017,96906016.9,0.176,-87544.7,0.165,N,1930,19-Nov-09,N. NICA,10/18/23
42,56,Mo,4.4091,0.0018,24.292,0.08,,0,,,0+,STABLE,,,,,,,,,,,,,,,,0.97,0.06,-0.26,0.09,-1683.7664,3.3768,-8962.8619,4.1173,-3271.5647,0.2388,-4591.368,5.004,8642.5979,0.0647,9802.1547,4.244,8635.1691,0.0018,97905403.61,0.186,-88115.98,0.174,N,1930,15-Feb-20,Jun Chen and  Balraj Singh,10/18/23
44,52,Ru,4.3908,0.0047,5.54,0.14,,0,,,0+,STABLE,,,,,,,,,,,,,,,,2.3,0.3,-0.15,0.08,-6392.6529,10,-15811.0867,3.8895,-1696.7139,0.2313,-258.737,5.149,10693.9444,9.5004,7348.0013,5.0798,8609.413,0.0018,95907588.91,0.182,-86080.385,0.17,N,1931,1-Apr-08,D. Abriola(a) and  A.A. Sonzogni,10/18/23
44,54,Ru,4.4229,0.0055,1.87,0.03,,0,,,0+,STABLE,,,,,,,,,,,,,,,,,,,,-5049.6529,10,-13698.6252,36.0471,-2235.708,6.464,-1792.657,7.293,10175.6252,7.0282,8289.406,7.6627,8620.314,0.0659,97905286.71,6.937,-88224.871,6.463,N,1944,15-Feb-20,Jun Chen and  Balraj Singh,10/18/23
44,55,Ru,4.4338,0.0042,12.76,0.14,,0,,,5/2+,STABLE,,,,,,,,,,,,,,,,,,0.079,0.004,-2040.8632,19.4529,-12521.4844,11.9113,-2338.4283,0.3639,-297.516,0.971,7471.8315,6.4715,8482.142,3.3929,8608.7132,0.0035,98905930.28,0.368,-87625.385,0.343,N,1931,1-Jul-17,E. BROWNE and  J. K. TULI,10/18/23
44,56,Ru,4.4531,0.0031,12.6,0.07,,0,,,0+,STABLE,,,,,,,,,,,,,,,,,,,,-3636.2612,18.1231,-11714.1876,19.4529,-2857.4178,0.3617,-3206.44,1.39,9673.3245,0.0257,9188.4931,0.9451,8619.3593,0.0034,99904210.46,0.367,-89227.391,0.342,N,1931,31-Jan-21,Balraj Singh and Jun Chen,10/18/23
44,57,Ru,4.4606,0.002,17.06,0.02,,0,,,5/2+,STABLE,,,,,,,,,,,,,,,,-0.718,0.006,0.46,0.02,-545.6846,5.8518,-10438.3007,18.1246,-2838.3281,0.4434,-1613.52,24,6802.0395,0.2348,9226.1326,1.3955,8601.366,0.0041,100905573.1,0.443,-87958.113,0.413,N,1931,1-Jul-06,JEAN BLACHOT,10/18/23
44,58,Ru,4.4809,0.0018,31.55,0.14,,0,,,0+,STABLE,,,,,,,,,,,,,,,,,,,,-2323.1187,6.396,-9765.3248,5.852,-3415.3703,0.4495,-4533.514,9.175,9219.6402,0.05,10050.8132,24.0001,8607.4275,0.0041,101904340.3,0.446,-89106.435,0.416,N,1931,31-Dec-08,D. DE FRENNE,10/18/23
44,60,Ru,4.5098,0.002,18.62,0.27,,0,,,0+,STABLE,,,,,,,,,,,,,,,,,,,,-1136.4195,3.3643,-8135.3761,3.3633,-4327.6506,2.4953,-5596.794,25.011,8899.9139,2.4916,10780.8143,9.4868,8587.3998,0.024,103905425.3,2.682,-88095.763,2.498,N,1931,30-Mar-07,JEAN BLACHOT,10/18/23
45,58,Rh,4.4945,0.0023,100,,,0,,,1/2-,STABLE,,,,,,,,,,,,,,,,-0.08829,0.00003,,,-574.7252,2.3928,-8200.0605,2.2649,-3128.7521,2.4642,-764.537,2.343,9319.7075,6.785,6214.2417,2.2644,8584.1927,0.0223,102905494.1,2.47,-88031.705,2.301,N,1934,1-Mar-09,D. DE FRENNE,10/18/23
46,56,Pd,4.4827,0.0044,1.02,0.01,,0,,,0+,STABLE,,,,,,,,,,,,,,,,0.82,0.06,-0.2,0.15,-5656.2615,8.1816,-14639.8969,4.8562,-2103.0075,6.4759,-1119.647,6.424,10542.1364,4.6048,7779.5061,5.8522,8580.2887,0.0041,101905632.3,0.449,-87902.963,0.419,N,1935,31-Dec-08,D. DE FRENNE,10/18/23
46,58,Pd,4.5078,0.0027,11.14,0.08,,0,,,0+,STABLE,,,,,,,,,,,,,,,,0.89,0.06,-0.46,0.11,-4278.6529,4,-12663.7386,4.311,-2592.6475,1.3762,-2435.779,2.662,10009.4607,1.5948,8652.3885,2.6583,8584.8485,0.0129,103904030.4,1.434,-89395.123,1.336,N,1935,30-Mar-07,JEAN BLACHOT,10/18/23
46,59,Pd,4.515,0.003,22.33,0.08,,0,,,5/2+,STABLE,,,,,,,,,,,,,,,,-0.642,0.003,0.66,0.011,-1347.0564,4.6695,-11372.7529,4.0608,-2884.708,1.2057,-566.635,2.749,7094.1,0.7,8747.5319,2.5658,8570.6509,0.0108,104905079.5,1.222,-88417.905,1.138,N,1935,1-Apr-19,S. LALKOVSKI and  J. TIMAR and Z. ELEKES,10/18/23
46,60,Pd,4.5318,0.0029,27.33,0.03,,0,,,0+,STABLE,,,,,,,,,,,,,,,,0.79,0.05,-0.51,0.07,-2965.1434,2.8172,-10908.0125,4.6616,-3226.024,1.1759,-3544.887,5.502,9560.9561,0.2823,9345.2439,2.3555,8579.9934,0.0104,105903480.3,1.186,-89907.543,1.106,N,1935,1-May-07,D. DE FRENNE AND A. NEGRET,10/18/23
46,62,Pd,4.5563,0.0027,26.46,0.09,,0,,,0+,STABLE,,,,,,,,,,,,,,,,0.69,0.04,-0.58,0.04,-1917.4238,2.6323,-9188.8337,2.6268,-3853.3677,2.733,-4493.059,14.041,9222.8795,1.6342,9949.4752,12,8567.0241,0.0103,107903891.8,1.189,-89524.215,1.108,N,1935,1-Jul-08,Jean Blachot,10/18/23
46,64,Pd,4.5782,0.003,11.72,0.09,,0,,,0+,STABLE,,,,,,,,,,,,,,,,,,,,-873.5982,1.3777,-7682.7918,1.3784,-4432.5678,5.4253,-5502.211,17.816,8795.7387,1.2563,10620.6245,4.0252,8547.163,0.0056,109905172.9,0.657,-88330.904,0.612,N,1935,1-Aug-11,G. G~URDAL and F.G. KONDEV,10/18/23
47,60,Ag,4.5454,0.0031,51.839,0.008,,0,,,1/2-,STABLE,,,,,,,,,,,,,,,,-0.11352,0.00005,0.98,0.11,-1416.3741,2.5654,-9345.8648,2.3282,-2799.91,3.3105,-34.046,2.668,9535.6183,3.5558,5788.1278,2.3272,8553.9012,0.0223,106905091.5,2.556,-88406.7,2.382,N,1924,1-Mar-08,Jean Blachot,10/18/23
47,62,Ag,4.5638,0.0025,48.161,0.008,,0,,,1/2-,STABLE,,,,,,,,,,,,,,,,0.13051,0.00005,1.02,0.12,-215.1002,1.7795,-7538.3261,1.4835,-3293.0765,2.8131,-1112.947,1.702,9183.9572,2.7124,6484.1864,1.4022,8547.9155,0.0118,108904755.8,1.381,-88719.431,1.287,N,1924,31-May-16,S. KUMAR(a) and  J. CHEN(b) AND F.G. KONDEV,10/18/23
48,58,Cd,4.5383,0.0036,1.245,0.022,,0,,,0+,STABLE,,,,,,2B+,,,,,,,,,,0.9,0.2,-0.28,0.08,-6524.0031,12.1765,-15562.8888,10.3057,-1654.1057,1.175,-189.754,3.212,10869.6215,1.773,7350.2755,4.6612,8539.0492,0.0104,105906459.8,1.184,-87132.153,1.104,N,1935,1-May-07,D. DE FRENNE AND A. NEGRET,10/18/23
48,60,Cd,4.5577,0.0031,0.888,0.011,,0,,,0+,STABLE,,,,,,,,,,,,,,,,-2.5,0.8,,,-5132.5944,8.5845,-13757.0738,9.7188,-2282.2156,1.7455,-1645.631,2.639,10333.4152,2.0042,8134.6941,2.6331,8550.0196,0.0104,107904183.6,1.205,-89252.423,1.123,N,1935,1-Jul-08,Jean Blachot,10/18/23
48,62,Cd,4.5765,0.0026,12.47,0.061,,0,,,0+,STABLE,,,,,,,,,,,,,,,,0.81,0.06,-0.4,0.04,-3878,11.547,-11929.7618,3.9907,-2865.3425,1.1689,-2890.663,1.341,9914.9571,1.5698,8917.5099,1.2778,8551.2755,0.0035,109903007.5,0.407,-90347.969,0.38,N,1925,1-Aug-11,G. G~URDAL and F.G. KONDEV,10/18/23
48,63,Cd,4.5845,0.0058,12.795,0.012,,0,,,1/2+,STABLE,,,,,,,,,,,,,,,,-0.594,0.0003,0.64,0.03,-860.1972,3.417,-10853.5956,11.5482,-3304.5091,1.2534,-1036.8,1.5,6975.5956,0.1655,9083.9119,1.2806,8537.0801,0.0032,110904183.8,0.383,-89252.247,0.357,N,1925,1-Feb-08,Jean Blachot,10/18/23
48,64,Cd,4.5944,0.0024,24.109,0.007,,0,,,0+,STABLE,,,,,,,,,,,,,,,,0.72,0.05,-0.37,0.04,-2584.7306,4.2434,-10254.1256,3.4264,-3475.5579,1.1279,-3991.128,2.435,9393.9283,0.283,9648.3813,1.4422,8544.7306,0.0022,111902763.9,0.268,-90574.857,0.25,N,1925,1-Aug-14,S. LALKOVSKI and  F.G. KONDEV,10/18/23
48,66,Cd,4.6087,0.0023,28.754,0.081,,0,,,0+,STABLE,,,,,,2B-,100,,,,,,,,,0.65,0.04,-0.348,0.012,-1445.1268,0.3817,-8719.1286,0.2957,-4108.9454,0.6343,-5084.123,4.572,9042.9656,0.1366,10277.0801,16.6416,8531.5135,0.0024,113903365,0.296,-90014.934,0.276,N,1925,1-Jan-12,Jean Blachot,10/18/23
49,64,In,4.601,0.0031,4.281,0.052,,0,,,9/2+,STABLE,,,,,,,,,,,,,,,,5.5208,0.0004,0.761,0.005,-1038.9941,1.5733,-8783.3923,0.2848,-3072.6086,1.2925,-323.837,0.309,9448.3147,4.25,6081.2372,0.2387,8522.9297,0.0017,112904060.5,0.202,-89367.123,0.188,N,1934,1-May-09,Jean Blachot,10/18/23
50,62,Sn,4.5948,0.0022,0.97,0.01,,0,,,0+,STABLE,,,,,,,,,,,,,,,,0.3,0.08,0.04,0.09,-7056.076,17.8317,-15889.6206,8.8541,-1827.5424,1.1545,-664.922,4.261,10787.7866,5.3283,7551.9704,3.4299,8513.6189,0.0026,111904824.9,0.315,-88655.049,0.294,N,1927,1-Aug-14,S. LALKOVSKI and  F.G. KONDEV,10/18/23
50,64,Sn,4.6099,0.002,0.66,0.01,,0,,,0+,STABLE,,,,,,,,,,,,,,,,0.22,0.05,0.09,0.08,-6063.1189,19.7724,-14214.0878,17.1929,-2636.6816,0.3805,-1989.928,0.302,10302.924,1.5749,8481.5829,0.1898,8522.5671,0.0004,113902780.1,0.031,-90559.735,0.029,N,1927,1-Jan-12,Jean Blachot,10/18/23
50,65,Sn,4.6148,0.0019,0.34,0.01,,0,,,1/2+,STABLE,,,,,,,,,,,,,,,,-0.9174,0.0004,-0.26,0.03,-3030.4336,16.0253,-13608.5475,19.7724,-3206.5145,0.3575,-497.489,0.019,7545.4285,0.025,8753.0096,0.3011,8514.0702,0.0003,114903344.7,0.016,-90033.846,0.015,N,1927,1-Sep-12,JEAN BLACHOT,10/18/23
50,66,Sn,4.625,0.0019,14.54,0.09,,0,,,0+,STABLE,,,,,,,,,,,,,,,,0.01,0.04,0.17,0.08,-4703.9591,5.154,-12593.8847,16.0256,-3376.0374,0.2664,-3276.221,0.24,9563.4512,0.0948,9278.5934,0.0953,8523.1166,0.0009,115901742.8,0.103,-91525.979,0.096,N,1922,1-Dec-09,Jean Blachot,10/18/23
50,67,Sn,4.6302,0.0019,7.68,0.07,,0,,,1/2+,STABLE,,,,,,,,,,,,,,,,-0.9995,0.0005,-0.42,0.05,-1758.1788,8.4449,-11647.0407,5.1764,-3779.3719,0.5399,-1454.707,4.905,6943.0816,0.4743,9436.955,0.5309,8509.612,0.0041,116902954,0.518,-90397.742,0.483,N,1923,1-Mar-09,JEAN BLACHOT,10/18/23
50,68,Sn,4.6393,0.0019,24.22,0.09,,0,,,0+,STABLE,,,,,,,,,,,,,,,,,,,,-3656.6393,2.9745,-11084.5975,8.4458,-4062.825,0.5688,-4424.666,7.768,9326.4187,0.1299,9998.779,4.8582,8516.5341,0.0042,117901606.6,0.536,-91652.843,0.499,N,1924,1-Feb-93,K. KITAO,10/18/23
50,69,Sn,4.6438,0.002,8.59,0.04,,0,,,1/2+,STABLE,,,,,,,,,,,,,,,,-1.0459,0.0005,-0.132,0.001,-589.4452,6.9937,-10140.0989,3.0241,-4405.4207,0.9735,-2366.327,7.346,6483.4596,0.5455,10125.779,7.7203,8499.4494,0.0061,118903311.3,0.778,-90064.985,0.725,N,1925,1-Dec-08,D. M. SYMOCHKO and  E. BROWNE and  J. K. TULI,10/18/23
50,70,Sn,4.6519,0.0021,32.58,0.09,,0,,,0+,STABLE,,,,,,,,,,,,,,,,,,,,-2680.6076,7.1399,-9693.5194,7.0529,-4810.1677,0.9324,-5370,40,9104.0742,1.1098,10688.0535,7.2528,8504.488,0.0077,119902202.6,0.987,-91097.741,0.92,N,1926,1-Dec-01,K. KITAO and  Y. TENDOW AND A. HASHIZUME,10/18/23
50,72,Sn,4.6634,0.0022,4.63,0.03,,0,,,0+,STABLE,,,,,,,,,,,,,,,,-0.09,0.04,-0.08,0.09,-1605.7483,3.2135,-8412.1142,3.216,-5663.2197,20.1498,-6368.592,50.12,8814.6449,2.3436,11394.331,27.3094,8487.8968,0.0201,121903445.5,2.627,-89939.953,2.448,N,1928,30-Sep-06,T. TAMURA,10/18/23
50,74,Sn,4.6735,0.0023,5.79,0.05,,0,,,0+,STABLE,,,,,,,,,,,,,,,,-0.19,0.02,-0.08,0.09,-612.4067,0.4101,-7079.903,0.4053,-6699.026,3.9507,-7363.697,30.589,8488.1109,2.3979,12091.4128,19.8311,8467.3997,0.0106,123905279.6,1.41,-88231.475,1.314,N,1922,1-Apr-08,J. KATAKURA and  Z.D. WU,10/18/23
51,70,Sb,4.6802,0.0026,57.21,0.05,,0,,,5/2+,STABLE,,,,,,,,,,,,,,,,3.358,0.0016,-0.543,0.011,-1056.0462,25.7587,-8308.3145,2.4003,-3081.0375,5.4839,-402.531,2.69,9253.3416,7.5665,5790.387,2.5046,8482.0574,0.0207,120903811.4,2.69,-89599.157,2.506,N,1922,20-Jan-09,S. OHYA,10/18/23
51,72,Sb,4.6879,0.0025,42.79,0.05,,0,,,7/2+,STABLE,,,,,,,,,,,,,,,,2.5457,0.0012,-0.692,0.014,-51.9128,0.0661,-6980.9267,0.1034,-3949.148,7.3794,-1408.207,2.826,8960.004,2.1275,6571.9087,2.4248,8472.3196,0.011,122904215.3,1.456,-89222.89,1.356,N,1922,15-Apr-21,Jun Chen,10/18/23
52,68,Te,4.7038,0.0088,0.09,0.01,,0,,,0+,STABLE,,,,,,,,,,,,,,,,0.58,0.11,-0.41,0.03,-5615,15,-13655.7469,21.7769,-261.0973,1.7537,-945.027,7.409,10250.9389,7.4836,7175.5919,7.2114,8476.9857,0.0146,119904065.8,1.88,-89362.16,1.751,N,1936,1-Dec-01,K. KITAO and  Y. TENDOW AND A. HASHIZUME,10/18/23
52,70,Te,4.7095,0.0031,2.55,0.12,,0,,,0+,STABLE,,,,,,,,,,,,,,,,0.7,0.03,-0.57,0.05,-4234,5,-12138.9508,4.5236,-1085.3546,1.4351,-1979.077,2.847,9841.4893,25.8004,8003.0962,2.1304,8478.1315,0.0111,121903044.7,1.456,-90313.282,1.357,N,1932,30-Sep-06,T. TAMURA,10/18/23
52,72,Te,4.7183,0.0029,4.74,0.14,,0,,,0+,STABLE,,,,,,,,,,,,,,,,0.66,0.04,-0.45,0.05,-3159.587,1.8593,-10652.8719,3.4461,-1851.3168,1.3595,-2905.073,1.916,9424.4821,0.0949,8590.2223,0.1156,8473.2705,0.0109,123902818.3,1.451,-90524.142,1.352,N,1932,1-Apr-08,J. KATAKURA and  Z.D. WU,10/18/23
52,73,Te,4.7204,0.003,7.07,0.15,,0,,,1/2+,STABLE,,,,,,,,,,,,,,,,-0.887,0.0005,-0.31,0.02,-185.77,0.06,-9728.5572,1.8596,-2250.0837,1.3946,-766.7,2.8,6568.9703,0.03,8691.6962,0.1351,8458.0361,0.0108,124904431.2,1.451,-89021.794,1.352,N,1931,1-Jan-10,J. KATAKURA,10/18/23
52,74,Te,4.7266,0.0032,18.84,0.25,,0,,,0+,STABLE,,,,,,,,,,,,,,,,,,,,-2153.6712,3.6717,-9299.4618,0.1,-2549.1306,2.424,-3671.033,31.876,9113.6918,0.08,9098.0448,2.1228,8463.2397,0.0107,125903312.1,1.453,-90064.168,1.354,N,1924,1-Oct-21,H. Iimura and  J.Katakura and  S. Ohya,10/18/23
53,74,I,4.75,0.0081,100,,,0,,,5/2+,STABLE,,,,,,,,,,,,,,,,2.8087,0.0014,-0.688,0.01,-662.3336,2.0442,-7908.1479,3.6209,-2185.2421,3.5651,-702.72,3.87,9144.0384,2.7399,6208.0202,3.563,8445.482,0.0285,126904472.6,3.887,-88983.217,3.621,N,1920,1-Oct-09,A. HASHIZUME,10/18/23
54,72,Xe,4.7722,0.0052,0.089,0.003,,0,,,0+,STABLE,,,,,,,,,,,,,,,,0.54,0.08,,,-4795.7039,10.3587,-13127.9627,7.7359,-1258.0209,1.3571,-1235.891,3.778,10018.3442,1.4148,7599.3341,1.3532,8443.5375,0.0003,125904297.4,0.006,-89146.38687,0.00562,N,1922,1-Oct-21,H. Iimura and  J.Katakura and  S. Ohya,10/18/23
54,74,Xe,4.7774,0.005,1.91,0.013,,0,,,0+,STABLE,,,,,,,,,,,,,,,,0.68,0.07,,,-3928.7617,5.3762,-11691.8254,5.5775,-1761.3085,1.3517,-2122.504,3.621,9610.9692,4.0881,8166.2886,3.6209,8443.3008,0.0003,127903530.8,0.00558,-89860.53427,0.0052,N,1922,28-Feb-15,ZOLTAN ELEKES AND JANOS TIMAR,10/18/23
54,75,Xe,4.7775,0.005,26.401,0.138,,0,,,1/2+,STABLE,,,,,,,,,,,,,,,,-0.777961,0.000016,-0.393,0.01,-1197.0197,4.5532,-10835.6152,5.3762,-2099.1917,1.3519,-188.894,3.153,6906.8535,0.0015,8247.0107,3.6211,8431.3904,0.0003,128904780.9,0.00542,-88696.06975,0.00505,N,1920,31-May-14,JANOS TIMAR AND ZOLTAN ELEKES and  BALRAJ SINGH,10/18/23
54,76,Xe,4.7818,0.0049,4.071,0.022,,0,,,0+,STABLE,,,,,,,,,,,,,,,,0.9,0.2,-0.38,0.16,-2980.7199,8.3567,-10452.7424,4.5532,-2241.2226,1.3536,-2944.286,3.154,9255.7227,0.008,8662.2693,3.1534,8437.7314,0.0003,129903509.3,0.01,-89880.474,0.009,N,1922,11-May-01,BALRAJ SINGH,10/18/23
54,77,Xe,4.7808,0.0049,21.232,0.051,,0,,,3/2+,STABLE,,,,,,,,,,,,,,,,0.691845,0.000007,-0.114,0.001,-358.0009,0.1771,-9585.1385,8.3567,-2557.994,1.365,-970.848,0.605,6604.4186,0.008,8766.358,3.1537,8423.7367,0.0003,130905084.1,0.00549,-88413.57492,0.00512,N,1920,17-Jul-06,YU. KHAZOV and  I. MITROPOLSKY and  A. RODIONOV,10/18/23
54,78,Xe,4.7859,0.0048,26.909,0.055,,0,,,0+,STABLE,,,,,,,,,,,,,,,,0.2,0.4,,,-2126.2813,1.0359,-9294.7185,0.1771,-2710.0969,0.7064,-3575.473,4.065,8936.7176,0.0016,9125.2183,0.6046,8427.6229,0.0003,131904155.1,0.00544,-89278.97451,0.00507,N,1920,10-Feb-05,YU. KHAZOV and  A.A. RODIONOV AND S. SAKHAROV and  BALRAJ SINGH,10/18/23
55,78,Cs,4.8041,0.0046,100,,,0,,,7/2+,STABLE,,,,,,,,,,,,,,,,2.5778,0.0014,-0.00343,0.0001,-517.431,0.992,-7707.358,1.0532,-1988.6828,3.1534,-427.36,2.4,8989.5679,1.0359,6080.9396,0.0066,8409.9786,0.0003,132905452,0.008,-88070.943,0.008,N,1921,31-Oct-10,YU. KHAZOV AND A. RODIONOV and  F.G. KONDEV,10/18/23
56,74,Ba,4.8283,0.0047,0.11,0.01,,0,,,0+,STABLE,,,,,,,,,,,,,,,,,,,,-5629.4021,25.9477,-14004.5534,21.3445,-535.3054,0.2872,-357.022,8.362,10267.2287,10.5037,7046.6974,4.5615,8405.513,0.0022,129906326,0.308,-87256.776,0.287,N,1936,11-May-01,BALRAJ SINGH,10/18/23
56,78,Ba,4.8322,0.0047,2.42,0.15,,0,,,0+,STABLE,,,,,,,,,,,,,,,,,,,,-3731.3434,19.9312,-11526.9285,27.9459,-1494.4436,0.2508,-2058.837,0.252,9467.8082,1.0232,8168.0302,0.2507,8408.1731,0.0019,133904508.2,0.269,-88950.002,0.251,N,1936,31-Jul-04,A.A. Sonzogni,10/18/23
56,79,Ba,4.8294,0.0047,6.59,0.1,,0,,,3/2+,STABLE,,,,,,,,,,,,,,,,0.8381,0.0002,0.153,0.002,-1207.1973,9.4299,-10703.3141,19.9311,-1861.9957,0.2454,-268.699,0.439,6971.9707,0.0999,8248.4605,0.2455,8397.5345,0.0018,134905688.4,0.263,-87850.655,0.245,N,1932,22-Jan-08,BALRAJ SINGH and  ALEXANDER A. RODIONOV and YURI L. KHAZOV,10/18/23
56,80,Ba,4.8334,0.0046,7.85,0.24,,0,,,0+,STABLE,,,,,,,,,,,,,,,,-1.9,0.2,-0.19,0.06,-2849.5915,53.1715,-10314.9397,9.43,-2033.0205,0.2448,-2548.224,1.889,9107.7424,0.039,8594.0937,0.2886,8402.7566,0.0018,135904575.8,0.262,-88887.079,0.245,N,1932,1-Apr-18,E.A. MCCUTCHAN,10/18/23
56,81,Ba,4.8314,0.0047,11.23,0.23,,0,,,3/2+,STABLE,,,,,,,,,,,,,,,,0.9375,0.0002,0.236,0.003,-580.5356,1.6231,-9755.2312,53.1715,-2502.7336,2.4128,-1175.629,0.391,6905.6397,0.0687,8671.5169,1.8582,8391.8288,0.0018,136905827.2,0.266,-87721.401,0.248,N,1932,1-Oct-06,E. BROWNE and  J. K. TULI,10/18/23
56,82,Ba,4.8378,0.0046,71.7,0.29,,0,,,0+,STABLE,,,,,,,,,,,,,,,,5.9,1.2,,,-1748.3977,0.3384,-9192.2586,1.6235,-2560.8872,0.2494,-5374.778,9.161,8611.723,0.0399,9005.0045,0.1768,8393.4222,0.0018,137905247.1,0.267,-88261.806,0.249,N,1925,30-Sep-17,JUN CHEN,10/18/23
57,82,La,4.855,0.0049,99.91119,0.00071,,0,,,7/2+,STABLE,,,,,,,,,,,,,,,,2.7791,0.0002,0.206,0.004,-264.6396,1.9989,-7727.8323,0.7857,-2065.3402,0.7072,-2308.463,0.658,8780.2909,0.7355,6249.5462,0.6558,8377.9987,0.0044,138906362.9,0.651,-87222.381,0.607,N,1924,15-Oct-16,P.K. JOSHI and  B. SINGH and  S. SINGH and  A.K. JAIN,10/18/23
58,78,Ce,4.8739,0.0018,0.186,0.002,,0,,,0+,STABLE,,,,,,2EC,,,,,,,,,,,,,,-5168.129,11.4561,-13643.996,11.8219,-498.5626,1.102,-471.062,53.172,9963.5603,10.2663,7154.0633,9.4324,8373.7624,0.0024,135907129.3,0.348,-86508.55,0.324,N,1936,1-Apr-18,E.A. MCCUTCHAN,10/18/23
58,82,Ce,4.8771,0.0018,88.449,0.051,,0,,,0+,STABLE,,,,,,,,,,,,,,,,4.06,0.15,0.35,0.07,-3388,6,-11316.8927,3.8389,-1612.0637,1.3354,-3762.168,1.447,9187.8037,2.4044,8140.8172,1.3364,8376.3045,0.0094,139905448.4,1.409,-88074.227,1.313,N,1925,20-Nov-18,N. NICA,10/18/23
59,82,Pr,4.8919,0.005,100,,,0,,,5/2+,STABLE,,,,,,,,,,,,,,,,4.266,0.003,-0.077,0.006,-1823.0137,2.809,-9828.6052,3.5877,-1298.5841,2.2209,-583.475,1.993,9399.6246,6.1151,5229.2776,1.181,8353.9852,0.0106,140907659.6,1.607,-86014.533,1.498,N,1924,12-Oct-22,N. NICA,10/18/23
60,82,Nd,4.9123,0.0025,27.153,0.04,,0,,,0+,STABLE,,,,,,,,,,,,,,,,,,,,-4808.5196,23.6216,-13498.4416,14.0287,-809.1047,1.3515,-2163.688,1.955,9829.8537,3.1237,7224.493,1.3663,8346.031,0.0088,141907728.8,1.348,-85950.055,1.256,N,1924,1-Jun-10,T.D. Johnson and  D. Symochko(a) and  M. Fadil(b) and  and J.K. Tuli,10/18/23
60,83,Nd,4.9254,0.0026,12.173,0.026,,0,,,7/2-,STABLE,,,,,,,,,,,,,,,,-1.065,0.005,-0.61,0.02,-1041.6463,2.683,-10932.0926,23.6215,530.5151,2.415,-934.11,2.2,6123.573,0.0694,7504.9145,1.3662,8330.4893,0.0088,142909819.8,1.347,-84002.31,1.255,N,1933,31-May-11,E. BROWNE and  J. K. TULI,10/18/23
60,85,Nd,4.9535,0.0028,8.293,0.012,,0,,,7/2-,STABLE,,,,,,,,,,,,,,,,-0.656,0.004,-0.314,0.012,-164.4982,2.5361,-8087.206,2.6557,1574.1374,1.4683,-1806.014,7.261,5755.2943,0.2306,7970.3873,2.4111,8309.1883,0.0088,144912579.2,1.364,-81432.004,1.271,N,1933,1-Oct-08,E. BROWNE and  J. K. TULI,10/18/23
60,86,Nd,4.9696,0.003,17.189,0.032,,0,,,0+,STABLE,,,,,,,,,,,,,,,,0.58,0.06,-0.78,0.09,-1471.556,4.1194,-7729.7281,2.5374,1182.0635,2.2117,-4252.43,34.38,7565.2299,0.0872,8588.897,7.0371,8304.0927,0.0087,145913122.5,1.366,-80925.916,1.273,N,1924,14-Jul-16,Yu. KHAZOV and  A. RODIONOV AND G. SHULYAK,10/18/23
60,88,Nd,4.9999,0.0036,5.756,0.021,,0,,,0+,STABLE,,,,,,2B-,,,,,,,,,,1.6,0.3,-1.46,0.13,-542.1891,5.8755,-6437.3998,1.7342,598.9604,3.0372,-4872.614,15.18,7332.5894,1.6554,9252.9438,15.9408,8277.1778,0.0139,147916899,2.203,-77408.066,2.053,N,1937,1-Oct-13,N. NICA,10/18/23
62,82,Sm,4.9524,0.0034,3.08,0.04,,0,,,0+,STABLE,,,,,,,,,,,,,,,,1.6,0.3,,,-6346.4515,10.8092,-15795.6333,11.0821,-133.2956,3.5719,-549.51,3.25,10519.8093,2.3488,6293.9332,2.7154,8303.68,0.0101,143912006.3,1.566,-81965.626,1.459,N,1933,1-Dec-00,A.A. Sonzogni,10/18/23
62,87,Sm,5.0134,0.0035,13.82,0.1,,0,,,7/2-,STABLE,,,,,,,,,,,,,,,,-0.6677,0.0011,0.075,0.008,-694.5812,3.7881,-8909.734,9.9776,1871.1905,0.9714,-1071.494,2.472,5871.1496,0.8862,7558.9924,5.5709,8263.4683,0.0078,148917191.2,1.241,-77135.898,1.157,N,1933,23-Aug-22,Balraj Singh and Jun Chen,10/18/23
62,88,Sm,5.0387,0.0048,7.37,0.09,,0,,,0+,STABLE,,,,,,,,,,,,,,,,0.82,0.14,-1.3,0.2,-2258.9662,6.1803,-8681.3369,3.7787,1449.6648,0.9664,-3454,20,7986.7556,0.377,8275.9022,1.9071,8261.6235,0.0074,149917282,1.193,-77051.336,1.112,N,1934,1-Apr-13,S. K. Basu and  A. A. Sonzogni,10/18/23
62,90,Sm,5.0819,0.006,26.74,0.09,,0,,,0+,STABLE,,,,,,,,,,,,,,,,2.8,0.6,-1.666,0.016,-1874.4774,0.6857,-8181.1972,0.6849,220.1726,1.9325,-3508.509,25.924,8257.8154,0.6056,8665.6882,4.5161,8244.0645,0.0067,151919738.6,1.09,-74762.977,1.016,N,1933,31-Aug-13,M. J. MARTIN,10/18/23
62,92,Sm,5.1053,0.0067,22.74,0.14,,0,,,0+,STABLE,,,,,,,,,,,,,,,,1.35,0.15,,,-717.1969,1.1019,-7159.4153,1.0828,-1200.5284,1.0516,-4188.962,25.055,7966.8226,0.846,9096.5315,9.0935,8226.8379,0.0085,153922215.8,1.4,-72455.564,1.305,N,1933,1-May-08,C. W. Reich,10/18/23
63,90,Eu,5.1115,0.0062,52.19,0.06,,0,,,5/2+,STABLE,,,,,,,,,,,,,,,,1.5294,0.0011,2.41,0.02,-484.5225,0.715,-6731.4809,0.7077,272.0222,1.9861,-807.407,1.556,8550.2846,0.1198,5893.4602,0.6935,8228.7011,0.0077,152921236.8,1.257,-73367.466,1.171,N,1933,16-Aug-20,N. NICA,10/18/23
64,90,Gd,5.1223,0.004,2.18,0.02,,0,,,0+,STABLE,,,,,,,,,,,,,,,,0.96,0.06,-1.82,0.04,-3549.6514,45.2983,-10464.0661,3.8471,920.0617,0.6537,-1967.991,1.549,8894.7322,0.1651,7627.8627,0.7264,8224.7996,0.0065,153920873,1.066,-73706.358,0.994,N,1938,1-May-08,C. W. Reich,10/18/23
64,91,Gd,5.1319,0.0041,14.8,0.09,,0,,,3/2-,STABLE,,,,,,,,,,,,,,,,-0.2591,0.0004,1.27,0.03,-819.8588,9.7884,-9984.9096,45.2987,81.2659,0.6691,-251.961,1.592,6435.2581,0.182,7620.9025,0.7722,8213.2541,0.0063,154922629.4,1.055,-72070.298,0.983,N,1933,21-Oct-19,N. NICA,10/18/23
64,92,Gd,5.142,0.0042,20.47,0.03,,0,,,0+,STABLE,,,,,,,,,,,,,,,,3.24,0.11,-1.93,0.04,-2444.323,3.6774,-9356.2119,9.7882,-197.2718,0.3303,-2452.489,3.666,8536.3531,0.0656,8005.9673,0.8704,8215.3253,0.0063,155922130.1,1.054,-72535.333,0.983,N,1933,1-Mar-12,C. W. REICH,10/18/23
64,93,Gd,5.1449,0.0042,15.65,0.04,,0,,,3/2-,STABLE,,,,,,,,,,,,,,,,-0.3398,0.0006,1.35,0.03,-60.0473,0.2972,-8804.2034,3.6805,-688.7523,0.3854,-1364.762,4.345,6359.8805,0.149,8030.0226,3.4113,8203.5072,0.0062,156923967.4,1.048,-70823.896,0.977,N,1933,4-Dec-15,N. NICA,10/18/23
64,94,Gd,5.1569,0.0043,24.84,0.08,,0,,,0+,STABLE,,,,,,,,,,,,,,,,1.55,0.12,-2.01,0.04,-1219.0862,0.9799,-7997.4392,0.3042,-659.3217,0.8962,-3419.508,2.254,7937.3919,0.0646,8519.8063,4.1969,8201.8229,0.0062,157924111.2,1.048,-70689.969,0.976,N,1933,1-Feb-17,N. NICA,10/18/23
64,96,Gd,5.1734,0.0044,21.86,0.03,,0,,,0+,STABLE,,,,,,,,,,,,,,,,1.5,0.2,-2.08,0.04,-105.5863,1.0207,-6480.7964,1.0184,-1006.2406,8.5036,-4448.611,1.442,7451.5206,0.7346,9187.6453,4.3645,8183.0171,0.007,159927061.2,1.206,-67942.06,1.123,N,1933,1-May-21,N. NICA,10/18/23
65,94,Tb,5.06,0.15,100,,,0,,,3/2+,STABLE,,,,,,,,,,,,,,,,2.009,0.004,1.432,0.008,-365.3613,1.1573,-7196.7477,2.4188,-139.1605,1.1453,-970.725,1.475,8133.0163,0.6383,6131.5832,0.7471,8188.8025,0.0069,158925353.7,1.184,-69532.582,1.103,N,1933,31-Dec-10,C. W. Reich,10/18/23
66,90,Dy,5.1622,0.2869,0.056,0.003,,0,,,0+,STABLE,,,,,,2EC,,,,,,,,,,,,,,-4990.9836,38.4111,-12560.9057,17.4635,1753.0013,0.3013,-438.376,3.895,9444.7652,9.602,6567.9182,9.7877,8192.4366,0.0063,155924283.6,1.06,-70529.386,0.988,N,1948,1-Mar-12,C. W. REICH,10/18/23
66,92,Dy,5.1815,0.3023,0.095,0.003,,0,,,0+,STABLE,,,,,,,,,,,,,,,,3.3,1,,,-4219.7555,27.0048,-11645.6076,23.5582,874.2903,2.4013,-936.269,2.659,9053.8008,5.1246,6932.2747,2.4093,8190.1298,0.0148,157924414.8,2.509,-70407.152,2.337,N,1938,1-Feb-17,N. NICA,10/18/23
66,94,Dy,5.1951,0.3139,2.329,0.018,,0,,,0+,STABLE,,,,,,,,,,,,,,,,3.1,0.6,1.8,0.4,-3290,15,-10414.1231,3.0223,437.9921,0.9994,-1835.951,1.312,8576.5231,1.3908,7428.8147,1.0945,8184.0526,0.0044,159925203.6,0.751,-69672.425,0.7,N,1938,1-May-21,N. NICA,10/18/23
66,95,Dy,5.1962,0.0459,18.889,0.042,,0,,,5/2+,STABLE,,,,,,A,,,,,,,,,,-0.479,0.003,2.51,0.02,-859.2003,2.1368,-9744.3869,15.0002,343.4857,0.9912,-593.716,1.403,6454.3869,0.0757,7507.9916,1.0998,8173.3093,0.0043,160926939.4,0.748,-68055.494,0.697,N,1934,1-Jun-11,C. W. Reich,10/18/23
66,96,Dy,5.2074,0.0172,25.475,0.036,,0,,,0+,STABLE,,,,,,,,,,,,,,,,3.6,0.7,,,-2140.6068,3.0926,-9056.1937,2.1378,83.8841,0.9906,-2301.621,2.164,8196.9934,0.06,8008.363,1.2015,8173.4555,0.0043,161926804.5,0.746,-68181.169,0.695,N,1934,1-Mar-07,C. W. Reich,10/18/23
66,97,Dy,5.2099,0.012,24.896,0.042,,0,,,5/2-,STABLE,,,,,,,,,,,,,,,,0.671,0.004,2.65,0.02,-2.8309,0.0222,-8411.6131,3.0926,-243.9163,0.9935,-1785.104,4.119,6271.0063,0.0466,7790.281,2.1634,8161.784,0.0043,162928737.2,0.744,-66380.858,0.693,N,1934,12-Apr-10,C. W. REICH and  BALRAJ SINGH,10/18/23
66,98,Dy,5.2218,0.0106,28.26,0.054,,0,,,0+,STABLE,,,,,,,,,,,,,,,,3.1,0.7,-2.08,0.15,-987.1315,1.371,-7660.94,0.0733,-450.5047,1.1051,-3862.666,1.988,7658.1091,0.0698,8660.8662,4,8158.7129,0.0042,163929180.8,0.746,-65967.649,0.695,N,1934,30-Nov-17,BALRAJ SINGH AND JUN CHEN{+#},10/18/23
67,98,Ho,5.2022,0.0312,100,,,0,,,7/2-,STABLE,,,,,,,,,,,,,,,,4.16,0.03,3.58,0.02,-376.6648,0.9575,-7026.7622,0.7565,138.8443,1.3174,-1285.728,1.051,7988.8182,1.1479,6219.3397,0.7482,8146.9591,0.0048,164930329.1,0.844,-64898.017,0.786,N,1934,15-Apr-06,ASHOK K. JAIN AND ANWESHA GHOSH and  BALRAJ SINGH,10/18/23
68,94,Er,5.2246,0.004,0.139,0.005,,0,,,0+,STABLE,,,,,,,,,,,,,,,,,,,,-4856.7282,26.0475,-12506.8139,27.9551,1648.0256,2.2716,-293.647,3.193,9204.2301,8.7416,6426.8877,2.1584,8152.3959,0.0047,161928787.3,0.811,-66334.21,0.756,N,1938,1-Mar-07,C. W. Reich,10/18/23
68,96,Er,5.2389,0.0035,1.601,0.003,,0,,,0+,STABLE,,,,,,,,,,,,,,,,2.7,0.4,0,,-4033.6302,25.0113,-11285.4785,5.4722,1304.9362,0.1698,-962.056,1.558,8846.4785,4.5766,6853.5174,0.1336,8149.0191,0.0043,163929207.7,0.755,-65942.573,0.704,N,1938,30-Nov-17,BALRAJ SINGH AND JUN CHEN{+#},10/18/23
68,98,Er,5.2516,0.0031,33.503,0.036,,0,,,0+,STABLE,,,,,,,,,,,,,,,,1.5,0.2,-1.9,0.4,-3037.6667,11.547,-10065.4384,1.6889,832.109,0.7359,-1853.806,0.854,8474.1101,0.9506,7315.0984,0.7792,8141.9479,0.002,165930301.1,0.358,-64924.145,0.334,N,1934,1-Mar-08,CORAL M. BAGLIN,10/18/23
68,99,Er,5.256,0.0031,22.869,0.009,,0,,,7/2+,STABLE,,,,,,,,,,,,,,,,-0.5623,0.0004,3.57,0.03,-746.1392,1.2633,-9474.0958,11.5484,666.6862,0.7235,-1009.797,5.197,6436.4291,0.1787,7507.8878,0.7812,8131.7352,0.0017,166932056.2,0.306,-63289.256,0.286,N,1934,5-Jul-00,Coral M. Baglin,10/18/23
68,100,Er,5.2644,0.0035,26.978,0.018,,0,,,0+,STABLE,,,,,,,,,,,,,,,,0.96,0.04,-2.2,1,-1676.8526,1.6858,-8517.4328,1.2703,553.5017,0.7202,-2930,30,7771.2936,0.1188,7998.7437,5.1874,8129.5897,0.0016,167932378.3,0.28,-62989.231,0.262,N,1934,15-Jun-10,CORAL M. BAGLIN,10/18/23
68,102,Er,5.2789,0.0041,14.91,0.036,,0,,,0+,STABLE,,,,,,,,,,,,,,,,,,,,-312.1997,1.7852,-6904.1777,1.7952,52.0409,1.6065,-3870,50,7257.6687,1.3905,8600.4752,20,8111.9529,0.0082,169935471.9,1.488,-60107.514,1.387,N,1934,1-Oct-18,C.M. Baglin{+1} and  E.A. McCutchan{+2} and  S. Basunia{+1,10/18/23
69,100,Tm,5.2256,0.0035,100,,,0,,,1/2+,STABLE,,,,,,,,,,,,,,,,-0.231,0.0015,-1.2,0.1,-899.127,0.7563,-7766.1056,0.7409,1198.4473,1.0213,-353.491,0.798,8033.5936,1.5047,5574.394,0.7573,8114.4702,0.0044,168934219,0.792,-61274.654,0.738,N,1934,15-Jun-08,CORAL M. BAGLIN,10/18/23
70,98,Yb,5.2702,0.0056,0.123,0.003,,0,,,0+,STABLE,,,,,,,,,,,,,,,,,,,,-4507.0351,37.9735,-12124.9034,37.2599,1937.7907,0.7073,-267.488,1.68,9061.2843,3.9604,6325.7212,1.2595,8111.887,0.0006,167933891.3,0.1,-61579.867,0.093,N,1938,15-Jun-10,CORAL M. BAGLIN,10/18/23
70,100,Yb,5.2853,0.0056,2.982,0.039,,0,,,0+,STABLE,,,,,,,,,,,,,,,,0.669,0.008,-2.18,0.03,-3457.695,16.843,-10752.7197,3.0053,1735.3,0.3335,-968.615,0.732,8459.7197,0.178,6778.2457,0.7383,8106.6101,0.0003,169934767.2,0.011,-60763.929,0.01,N,1938,1-Oct-18,C.M. Baglin{+1} and  E.A. McCutchan{+2} and  S. Basunia{+1,10/18/23
70,101,Yb,5.2906,0.0057,14.086,0.14,,0,,,1/2-,STABLE,,,,,,,,,,,,,,,,0.4923,0.0004,-2.34,0.07,-1478.3526,1.8621,-10071.9024,16.843,1557.5217,0.2857,-96.547,0.972,6614.2073,0.0139,6800.4751,0.732,8097.8826,0.0003,170936331.5,0.013,-59306.818,0.013,N,1934,30-Jun-18,CORAL M. BAGLIN and  E.A. MCCUTCHAN,10/18/23
70,102,Yb,5.2995,0.0058,21.686,0.13,,0,,,0+,STABLE,,,,,,,,,,,,,,,,0.64,0.04,-2.22,0.04,-2519.3805,2.336,-9498.3089,1.8621,1308.859,0.2618,-1881.902,5.481,8019.9563,0.0167,7334.1562,0.9716,8097.4295,0.0003,171936386.7,0.014,-59255.456,0.014,N,1934,31-May-95,BALRAJ SINGH,10/18/23
70,103,Yb,5.3046,0.0059,16.103,0.063,,0,,,5/2-,STABLE,,,,,,,,,,,,,,,,-0.678,0.0006,2.8,0.04,-670.2201,1.5674,-8886.4764,2.336,945.013,0.3038,-1295.167,4.4,6367.0959,0.0152,7466.6514,5.4814,8087.4276,0.0003,172938216.2,0.012,-57551.234,0.011,N,1934,1-Oct-93,V. S. SHIRLEY,10/18/23
70,104,Yb,5.3108,0.006,32.025,0.08,,0,,,0+,STABLE,,,,,,,,,,,,,,,,0.672,0.005,-2.18,0.05,-1374.2287,1.5675,-8134.8246,1.5675,738.0772,1.387,-3080,44.7,7464.6045,0.0126,7977.4245,4.4,8083.8481,0.0003,173938867.5,0.011,-56944.521,0.011,N,1934,1-Nov-98,E. BROWNE and  HUO JUNDE,10/18/23
70,106,Yb,5.3215,0.0062,12.995,0.083,,0,,,0+,STABLE,,,,,,,,,,,,,,,,,,,,-108.9895,1.2124,-6396.9621,1.207,566.34,3.9619,-4120,100,6867.0841,0.0717,8469.7371,50.0001,8064.0853,0.0003,175942574.7,0.015,-53491.322,0.014,N,1934,15-Sep-05,M.S. BASUNIA,10/18/23
71,104,Lu,5.37,0.0304,97.401,0.013,,0,,,7/2+,STABLE,,,,,,,,,,,,,,,,2.2257,0.0019,3.49,0.02,-683.9154,1.9516,-7392.4134,1.9242,1619.677,1.5494,-470.122,1.209,7666.7045,1.0001,5510.1288,1.2069,8069.1412,0.0069,174940777.2,1.295,-55165.678,1.207,N,1934,1-Jun-04,M. SHAMSUZZOHA BASUNIA,10/18/23
72,104,Hf,5.3286,0.0032,5.26,0.7,,0,,,0+,STABLE,,,,,,,,,,,,,,,,1.34,0.15,-2.1,0.02,-3211.0484,30.775,-10239.0931,27.9841,2254.1128,1.4824,-1194.095,1.914,8165.9828,1.7801,6699.7204,0.8869,8061.3604,0.0084,175941409.8,1.591,-54576.428,1.482,N,1934,15-Sep-05,M.S. BASUNIA,10/18/23
72,105,Hf,5.3309,0.0031,18.6,0.16,,0,,,7/2-,STABLE,,,,,,,,,,,,,,,,0.791,0.0009,3.37,0.03,-1166,3,-9586.684,30.7716,2245.5731,1.4103,-496.842,1.865,6375.6356,1.0181,6787.3833,0.8007,8051.8365,0.008,176943230.2,1.514,-52880.745,1.41,N,1934,30-Aug-19,F.G. KONDEV,10/18/23
72,106,Hf,5.3371,0.0031,27.28,0.28,,0,,,0+,STABLE,,,,,,,,,,,,,,,,3.09,0.01,-2.02,0.02,-1837,52,-8791.9385,3.0052,2084.2391,1.4151,-2097.485,2.659,7625.9385,0.1767,7340.434,0.8038,8049.4438,0.008,177943708.3,1.519,-52435.366,1.415,N,1934,31-May-08,E. Achterberg and  O.A. Capurro and  G.V. Marti,10/18/23
72,107,Hf,5.3408,0.0031,13.62,0.11,,0,,,9/2+,STABLE,,,,,,,,,,,,,,,,-0.6389,0.0014,3.79,0.03,-105.5801,0.4088,-7936,52,1807.6045,1.4159,-1404.023,5.341,6098.9886,0.0768,7414.1266,2.0552,8038.5474,0.0079,178945825.7,1.52,-50463.036,1.416,N,1934,15-Nov-08,Coral M. BAGLIN,10/18/23
72,108,Hf,5.347,0.0032,35.08,0.33,,0,,,0+,STABLE,,,,,,,,,,,,,,,,8.7,1,-2,0.02,-845.8453,2.3472,-7493.338,0.4358,1286.9306,1.4215,-3103,70.7,7387.7579,0.151,8009.434,5.0642,8034.9319,0.0079,179946559.5,1.525,-49779.476,1.421,N,1934,1-Feb-15,E.A. MCCUTCHAN,10/18/23
73,108,Ta,5.3507,0.0034,99.98799,0.00032,,0,,,7/2+,STABLE,,,,,,,,,,,,,,,,2.365,0.004,3.17,0.02,-205.1193,1.9495,-6874.1392,1.9429,1519.9228,1.8483,-1036.106,2.123,7576.7514,1.3379,5948.5591,1.9285,8023.405,0.0087,180947998.5,1.692,-48439.064,1.576,N,1932,31-Aug-05,S. -C. WU,10/18/23
74,108,W,5.3559,0.0017,26.5,0.16,,0,,,0+,STABLE,,,,,,,,,,,,,,,,0.512,0.025,-2.1,0.4,-2800,101.9804,-9800.0503,12.5401,1764.3059,1.5633,-1815.459,1.745,8083.5172,1.5934,7096.0509,1.5265,8018.3096,0.0041,181948205.6,0.799,-48246.144,0.745,N,1930,15-Jul-15,BALRAJ SINGH,10/18/23
74,110,W,5.3658,0.0023,30.64,0.02,,0,,,0+,STABLE,,,,,,,,,,,,,,,,0.578,0.014,-1.9,0.2,-1485.6333,4.1971,-7967.1081,8.001,1649.1074,1.5668,-2866,26,7411.1081,0.1293,7700.8772,1.543,8005.0777,0.004,183950933.2,0.792,-45705.453,0.738,N,1930,1-Oct-09,CORAL M. BAGLIN,10/18/23
74,112,W,5.3743,0.0026,28.43,0.19,,0,,,0+,STABLE,,,,,,,,,,,,,,,,0.621,0.017,-1.6,0.3,-581.2819,1.2386,-6760.8728,1.2382,1116.118,6.2789,-3901,60,7192.0492,1.1575,8403.2022,14.1894,7988.6026,0.0065,185954365.1,1.302,-42508.602,1.213,N,1930,1-Mar-22,J. C. Batchelder and A. M. Hurst and  M. S. Basunia,10/18/23
75,110,Re,5.3596,0.0172,37.4,0.05,,0,,,5/2+,STABLE,,,,,,,,,,,,,,,,3.176,0.003,2.07,0.05,-1013.1393,0.419,-7637.8002,0.4808,2195.1007,1.631,-431.176,1.104,7670.5462,4.0918,5402.5658,0.6613,7991.0101,0.0044,184952958.3,0.879,-43819.047,0.82,N,1931,1-Nov-05,S. -C. WU,10/18/23
76,111,Os,5.3933,0.0018,1.96,0.17,,0,,,1/2-,STABLE,,,,,,,,,,,,,,,,0.06442,0.00007,,,-1669.6385,27.9545,-10117.9828,16.542,2721.7317,0.8702,-2.467,1.042,6290.3015,0.5218,6580.6659,0.862,7973.7814,0.0039,186955749.6,0.791,-41219.015,0.737,N,1931,1-Nov-08,M. S. Basunia,10/18/23
76,112,Os,5.3993,0.0011,13.24,0.27,,0,,,0+,STABLE,,,,,,,,,,,,,,,,0.63,0.03,-1.46,0.04,-2792.3457,9.4164,-9659.2427,27.9545,2143.2356,0.8641,-2120.421,1.041,7989.6042,0.1466,7209.7239,0.1466,7973.8656,0.0039,187955837.3,0.788,-41137.301,0.734,N,1931,1-Feb-18,F.G. KONDEV and  S. JUUTINEN and  D.J. HARTLEY,10/18/23
76,113,Os,5.4016,0.0012,16.15,0.23,,0,,,3/2-,STABLE,,,,,,,,,,,,,,,,0.6576,0.0007,0.86,0.03,-537.1494,12.563,-8713.1642,9.4183,1976.1535,0.8529,-1007.705,8.218,5920.8185,0.4479,7258.8924,0.4638,7963.0029,0.0035,188958145.9,0.715,-38986.802,0.666,N,1931,15-Apr-17,T.D. JOHNSON and  BALRAJ SINGH,10/18/23
76,114,Os,5.4062,0.0013,26.26,0.2,,0,,,0+,STABLE,,,,,,,,,,,,,,,,0.69,0.03,-1.18,0.03,-1954.2108,1.2131,-8329.491,12.5618,1375.8612,1.1729,-3124.81,4.91,7792.3416,0.1873,8017.6995,8.165,7962.1047,0.0034,189958445.4,0.697,-38707.825,0.65,N,1931,15-Oct-20,Balraj Singh and {+1} and Jun Chen{+2},10/18/23
76,116,Os,5.4126,0.0015,40.78,0.32,,0,,,0+,STABLE,,,,,,,,,,,,,,,,0.79,0.02,-0.96,0.03,-1046.6722,2.3962,-7244.7947,2.3965,360.6614,3.7645,-4293.475,70.832,7558.3821,2.2238,8820.8662,10,7948.526,0.0121,191961478.8,2.484,-35882.303,2.314,N,1931,15-Jun-12,Coral M. Baglin,10/18/23
77,114,Ir,5.3968,0.1061,37.3,0.2,,0,,,3/2+,STABLE,,,,,,,,,,,,,,,,0.1502,0.0006,0.816,0.009,-1010.4903,3.636,-7473.6408,1.2182,2082.8062,1.241,-313.587,1.466,8026.5301,0.4,5289.9723,1.1452,7948.1144,0.0069,190960591.5,1.406,-36708.826,1.31,N,1935,1-Dec-06,V.R. Vanin et al.,10/18/23
77,116,Ir,5.4032,0.1061,62.7,0.2,,0,,,3/2+,STABLE,,,,,,,,,,,,,,,,0.163,0.0006,0.751,0.009,-56.6276,0.2997,-6319.0973,2.2826,1017.8763,8.2476,-1141.904,2.673,7771.9919,0.1997,5942.9726,2.3955,7938.1346,0.0069,192962923.8,1.425,-34536.305,1.327,N,1935,31-Mar-17,M. Shamsuzzoha Basunia,10/18/23
78,114,Pt,5.4169,0.0028,0.782,0.024,,0,,,0+,STABLE,,,,,,,,,,,,,,,,3.4,0.8,0.6,0.2,-3516.3415,15.6174,-10561.933,5.556,2423.86,2.5347,-1452.894,2.886,8661.5073,2.8735,6868.67,2.276,7942.4923,0.0134,191961042.7,2.758,-36288.525,2.57,N,1935,15-Jun-12,Coral M. Baglin,10/18/23
78,116,Pt,5.4236,0.0025,32.864,0.41,,0,,,0+,STABLE,,,,,,,,,,,,,,,,0.56,0.11,,,-2548.1518,2.1174,-9426.5903,8.6746,1522.8078,0.4791,-2228.325,1.421,8351.7426,1.285,7512.7679,1.2521,7935.942,0.0026,193962683.5,0.532,-34760.101,0.496,N,1935,3-Sep-21,Jun Chen and Balraj Singh,10/18/23
78,117,Pt,5.427,0.0026,33.775,0.24,,0,,,1/2-,STABLE,,,,,,,,,,,,,,,,0.6073,0.0007,1.4,0.6,-226.8175,0.9998,-8653.2467,2.1165,1176.4449,0.5047,-1101.56,1.42,6105.0949,0.1193,7551.0731,1.2622,7926.553,0.0026,194964794.3,0.54,-32793.878,0.503,N,1935,1-Mar-14,Huang Xiaolong and Kang Mengxiao,10/18/23
78,118,Pt,5.4307,0.0027,25.211,0.34,,0,,,0+,STABLE,,,,,,,,,,,,,,,,,,,,-1505.8204,2.9605,-8148.7952,1.0081,812.8492,2.2784,-3209.016,38.417,7921.9778,0.1287,8241.1909,1.2696,7926.5297,0.0026,195964954.6,0.547,-32644.538,0.51,N,1935,1-Jan-06,Huang Xiaolong,10/18/23
78,120,Pt,5.4383,0.0032,7.356,0.13,,0,,,0+,STABLE,,,,,,2B-,,,2B-,,,,,,,0.63,0.02,0.42,0.12,-323.2251,2.0595,-6835.5844,2.058,106.2426,3.1433,-4194.018,200.011,7555.5613,2.0625,8928.8662,20,7914.1512,0.0106,197967896.7,2.254,-29904.018,2.1,N,1935,1-Dec-15,Huang Xiaolong and Kang Mengxiao,10/18/23
79,118,Au,5.4371,0.0038,100,,,0,,,3/2+,STABLE,,,,,,,,,,,,,,,,0.1452,0.0002,0.547,0.016,-599.5206,3.2022,-7385.1256,2.9408,971.6373,1.3523,-719.976,0.762,8072.3519,2.9391,5784.1845,0.5288,7915.6548,0.0028,196966570.1,0.581,-31139.751,0.542,N,1935,1-Jan-02,HUANG XIAOLONG and  ZHOU CHUNMEI,10/18/23
80,116,Hg,5.4385,0.0031,0.15,0.01,,0,,,0+,STABLE,,,,,,,,,,,,,,,,,,,,-4329.3455,12.4627,-11741.97,11.5085,2037.6656,3.89,-687.226,4.178,8883.9201,23.326,6547.8541,3.1238,7914.37,0.015,195965833.4,3.163,-31825.944,2.946,N,1930,1-Jan-06,Huang Xiaolong,10/18/23
80,118,Hg,5.4463,0.0031,10.04,0.03,,0,,,0+,STABLE,,,,,,,,,,,,,,,,1.6,0.2,,,-3425.5625,7.559,-10671.4118,13.582,1380.8702,0.5871,-1373.522,0.708,8485.4026,3.1892,7103.535,0.4954,7911.5532,0.0023,197966769.2,0.491,-30954.315,0.458,N,1925,1-Dec-15,Huang Xiaolong and Kang Mengxiao,10/18/23
80,119,Hg,5.4474,0.0031,16.94,0.12,,0,,,1/2-,STABLE,,,,,,,,,,,,,,,,0.5039,0.0006,0.95,0.07,-1486.6695,27.9498,-10088.6316,7.5634,822.8961,0.6612,-452.314,0.755,6663.0691,0.5844,7254.2447,0.6118,7905.2794,0.0027,198968281,0.564,-29546.066,0.526,N,1925,15-Oct-06,BALRAJ SINGH,10/18/23
80,120,Hg,5.4551,0.0031,23.14,0.09,,0,,,0+,STABLE,,,,,,,,,,,,,,,,1.02,0.17,,,-2456.0403,5.7346,-9515.1886,27.9498,716.3547,0.6672,-2263.173,26.722,8028.5191,0.1133,7698.4863,0.6166,7905.8956,0.0027,199968326.9,0.568,-29503.267,0.53,N,1925,1-Aug-06,F.G. KONDEV and  S. LALKOVSKI,10/18/23
80,121,Hg,5.4581,0.0032,13.17,0.09,,0,,,3/2-,STABLE,,,,,,,,,,,,,,,,-0.558,0.0007,0.387,0.006,-481.7508,14.1815,-8686.6202,5.7653,332.3295,0.8386,-1261.824,3.296,6230.5799,0.5941,7711.4066,26.7237,7897.5607,0.0036,200970303.1,0.763,-27662.529,0.712,N,1925,20-Sep-22,F.G. KONDEV,10/18/23
80,122,Hg,5.4648,0.0033,29.74,0.13,,0,,,0+,STABLE,,,,,,,,,,,,,,,,1.4,0.3,0.87,0.13,-1364.8906,1.8348,-8235.8492,14.1808,133.7923,2.1877,-2992.328,23.298,7754.0984,0.1982,8233.5752,3.1409,7896.8505,0.0035,201970643.6,0.757,-27345.31,0.705,N,1920,1-May-07,S. ZHU and F.G. KONDEV,10/18/23
80,124,Hg,5.4744,0.0036,6.82,0.04,,0,,,0+,STABLE,,,,,,,,,,,,,,,,0.64,0.06,0.4,0.2,-344.0781,1.1876,-7000.1567,1.2048,-515.8858,20.1152,-4300.148,200.001,7492.263,1.6482,8835.6752,3.0422,7885.5455,0.0025,203973494,0.534,-24690.148,0.498,N,1920,1-Oct-09,C.J. CHIARA and F.G. KONDEV,10/18/23
81,122,Tl,5.4666,0.0027,29.515,0.044,,0,,,1/2+,STABLE,,,,,,,,,,,,,,,,1.616,0.002,,,-974.8265,6.4609,-7892.0191,3.9258,907.5272,1.2472,-492.106,2.007,7852.2081,1.6777,5704.9706,1.0822,7886.053,0.0058,202972344.1,1.257,-25761.309,1.171,N,1931,1-Mar-05,F.G. KONDEV,10/18/23
81,124,Tl,5.4759,0.0026,70.485,0.044,,0,,,1/2+,STABLE,,,,,,,,,,,,,,,,1.632,0.002,0.74,0.15,-50.6402,0.5033,-6782.3052,0.4973,154.9875,3.2729,-1533.083,3.859,7546.0504,0.4796,6419.6254,1.2706,7878.3946,0.006,204974427.3,1.33,-23820.802,1.239,N,1931,20-Apr-20,F.G. KONDEV,10/18/23
82,124,Pb,5.4902,0.0014,24.1,3,,0,,,0+,STABLE,,,,,,,,,,,,,,,,-0.152,0.003,0.05,0.09,-3757.3057,7.5461,-10791.255,4.8197,1134.8875,1.0497,-1532.213,1.721,8086.6623,0.0599,7253.6752,0.505,7875.362,0.0056,205974465.2,1.228,-23785.506,1.144,N,1927,31-Jan-08,F.G. KONDEV,10/18/23
82,125,Pb,5.4943,0.0014,22.1,5,,0,,,1/2-,STABLE,,,,,,,,,,,,,,,,0.5906,0.0004,,,-2397.414,2.1175,-10495.0859,7.5467,392.3186,1.2726,-1417.532,5.559,6737.7802,0.0953,7487.646,0.6189,7869.8664,0.0055,206975896.8,1.231,-22451.968,1.147,N,1927,1-Aug-10,F.G. KONDEV and  S. LALKOVSKI,10/18/23
82,126,Pb,5.5012,0.0013,52.4,7,,0,,,0+,STABLE,,,,,,,,,,,,,,,,,,,,-2878.368,2.0127,-9765.2826,2.1181,516.7129,1.1821,-4998.398,2.181,7367.8686,0.052,8003.0539,5.4026,7867.453,0.0055,207976652,1.232,-21748.519,1.148,N,1927,1-Jun-07,M. J. MARTIN,10/18/23